Date,Close,High,Low,Open,Volume
2020-01-02,5577.22998046875,5577.5498046875,5513.31982421875,5515.02001953125,284700
2020-01-03,5512.14990234375,5541.02001953125,5481.9599609375,5484.93994140625,260400
2020-01-06,5500.1298828125,5501.52001953125,5441.009765625,5446.6201171875,241100
2020-01-07,5558.1298828125,5573.66015625,5511.18017578125,5532.5400390625,297200
2020-01-08,5595.43994140625,5622.3701171875,5551.47021484375,5560.81005859375,279300
2020-01-09,5640.10009765625,5657.2001953125,5598.8798828125,5647.85986328125,288200
2020-01-10,5622.39990234375,5666.14013671875,5611.43994140625,5665.47998046875,237900
2020-01-13,5681.60986328125,5682.02978515625,5640.31982421875,5650.16015625,225600
2020-01-14,5669.490234375,5707.3701171875,5652.97998046875,5678.10009765625,249400
2020-01-15,5643.18994140625,5677.3798828125,5625.6298828125,5666.39013671875,230500
2020-01-16,5723.7998046875,5724.169921875,5679.93994140625,5683.72998046875,255100
2020-01-17,5736.06005859375,5742.35986328125,5703.27978515625,5740.7900390625,0
2020-01-21,5733.2001953125,5751.2998046875,5709.7001953125,5709.7001953125,278200
2020-01-22,5752.169921875,5802.259765625,5744.85009765625,5770.919921875,0
2020-01-23,5799.7099609375,5800.7099609375,5734.2099609375,5761.56005859375,261100
2020-01-24,5742.85986328125,5853.47021484375,5709.91015625,5846.3798828125,372000
2020-01-27,5580.68994140625,5616.72021484375,5565.2900390625,5571.25,306600
2020-01-28,5673.06005859375,5687.6298828125,5605.14990234375,5626.25,255200
2020-01-29,5617.77978515625,5681.080078125,5617.419921875,5680.35986328125,0
2020-01-30,5621.1298828125,5623.27978515625,5535.16015625,5567.16015625,355800
2020-01-31,5473.4501953125,5590.4599609375,5455.2099609375,5590.02978515625,359000
2020-02-03,5564.52978515625,5574.81982421875,5498.10986328125,5498.68994140625,0
2020-02-04,5712.6201171875,5715.39013671875,5651.25,5675.35009765625,287400
2020-02-05,5761.1298828125,5821.2900390625,5723.97021484375,5812.330078125,284100
2020-02-06,5803.72021484375,5807.27001953125,5749.52978515625,5783.490234375,249300
2020-02-07,5721.41015625,5765.259765625,5717.31005859375,5764.81982421875,262000
2020-02-10,5798.66015625,5798.990234375,5690.02978515625,5690.25,261500
2020-02-11,5847.52978515625,5882.2998046875,5826.4599609375,5841.1298828125,326000
2020-02-12,5915.5,5917.39990234375,5882.77978515625,5893.75,307200
2020-02-13,5909.47021484375,5935.31005859375,5855.330078125,5855.64013671875,305800
2020-02-14,5907.669921875,5942.52978515625,5878.89990234375,5937.43994140625,254600
2020-02-18,5867.2001953125,5874.64013671875,5835.8798828125,5840.06982421875,0
2020-02-19,5954.6201171875,5968.60009765625,5919.89990234375,5919.93994140625,273600
2020-02-20,5872.83984375,5944.990234375,5791.02978515625,5929.75,0
2020-02-21,5723.169921875,5844.10986328125,5696.009765625,5834.77001953125,356300
2020-02-24,5481.009765625,5554.14013671875,5458.10009765625,5466.68017578125,456600
2020-02-25,5320.83984375,5552.14990234375,5299.81005859375,5545.3701171875,491800
2020-02-26,5325.33984375,5448.7099609375,5296.60009765625,5364.169921875,421200
2020-02-27,5077.97021484375,5272.97998046875,5075.330078125,5149.60986328125,586200
2020-02-28,5135.31005859375,5146.43017578125,4903.31982421875,4903.31982421875,0
2020-03-02,5314.009765625,5315.58984375,5082.2001953125,5189.259765625,551400
2020-03-03,5138.990234375,5382.93994140625,5093.8798828125,5308.14013671875,599100
2020-03-04,5367.52978515625,5367.7099609375,5180.31982421875,5227.14013671875,414400
2020-03-05,5197.419921875,5314.81005859375,5158.5400390625,5209.35986328125,408200
2020-03-06,5086.419921875,5122.83984375,4958.080078125,5031.31005859375,523400
2020-03-09,4690.85986328125,4900.2001953125,4684.41015625,4689.5400390625,554200
2020-03-10,4928.08984375,4929.0498046875,4675.52978515625,4853.2900390625,498300
2020-03-11,4694.43017578125,4837.2900390625,4633.68017578125,4786.9599609375,526300
2020-03-12,4229.47021484375,4557.06005859375,4226.31982421875,4348.9599609375,698200
2020-03-13,4660.580078125,4661.1201171875,4241.6298828125,4504.490234375,620100
2020-03-16,4043.340087890625,4397.2001953125,4033.030029296875,4322.43994140625,609500
2020-03-17,4373.6201171875,4389.6201171875,3980.070068359375,4139.580078125,615500
2020-03-18,4072.60009765625,4246.60986328125,3905.489990234375,4057.97998046875,647200
2020-03-19,4178.2900390625,4274.91015625,3969.39990234375,4063.64990234375,570500
2020-03-20,4030.77001953125,4342.41015625,4025.760009765625,4261.56982421875,640700
2020-03-23,4091.4599609375,4170.27978515625,3946.8701171875,4057.340087890625,586400
2020-03-24,4478.830078125,4479.1298828125,4314.41015625,4332.85009765625,618100
2020-03-25,4441.509765625,4639.43994140625,4370.5498046875,4479.18994140625,0
2020-03-26,4726.8798828125,4733.669921875,4500.0,4500.0,514400
2020-03-27,4502.7001953125,4641.58984375,4495.419921875,4562.490234375,434900
2020-03-30,4687.47998046875,4696.5,4534.72021484375,4556.3701171875,402600
2020-03-31,4606.7099609375,4741.02978515625,4579.06005859375,4667.5498046875,492300
2020-04-01,4378.75,4539.8701171875,4341.6201171875,4434.91015625,434500
2020-04-02,4459.009765625,4482.240234375,4336.919921875,4336.919921875,393800
2020-04-03,4378.89990234375,4484.8798828125,4337.39990234375,4447.490234375,353000
2020-04-06,4783.16015625,4800.68994140625,4548.83984375,4578.60986328125,462000
2020-04-07,4757.9501953125,4929.740234375,4752.22998046875,4929.56982421875,480000
2020-04-08,4905.419921875,4920.740234375,4767.18017578125,4817.58984375,373600
2020-04-09,4872.0400390625,4993.330078125,4836.1201171875,4953.85986328125,427400
2020-04-13,4892.85009765625,4897.41015625,4807.259765625,4840.43017578125,311400
2020-04-14,5095.81982421875,5101.81982421875,4997.669921875,5001.91015625,389700
2020-04-15,4992.7099609375,5027.39013671875,4940.91015625,4990.64990234375,326500
2020-04-16,5086.8798828125,5101.7900390625,4998.419921875,5057.259765625,400900
2020-04-17,5156.759765625,5181.43017578125,5095.1298828125,5179.81005859375,393000
2020-04-20,5076.43017578125,5163.60009765625,5075.1201171875,5084.47998046875,326600
2020-04-21,4856.7998046875,5015.740234375,4834.64013671875,5004.56005859375,449900
2020-04-22,5079.41015625,5104.5,4975.2099609375,4990.72021484375,0
2020-04-23,5035.2099609375,5119.0,5026.31005859375,5063.89990234375,316400
2020-04-24,5134.990234375,5140.18017578125,5008.56005859375,5054.02978515625,335000
2020-04-27,5198.7998046875,5228.7900390625,5179.3701171875,5195.47021484375,302400
2020-04-28,5125.77001953125,5287.9599609375,5122.5400390625,5282.14013671875,318600
2020-04-29,5338.009765625,5355.33984375,5209.93994140625,5225.06982421875,434400
2020-04-30,5234.0,5316.64013671875,5222.2998046875,5316.64013671875,406300
2020-05-01,4999.580078125,5113.77978515625,4979.009765625,5089.35009765625,393300
2020-05-04,5048.18017578125,5051.93994140625,4953.7900390625,4977.2998046875,286900
2020-05-05,5140.9501953125,5203.27978515625,5117.68994140625,5121.419921875,293800
2020-05-06,5186.009765625,5246.25,5162.919921875,5191.009765625,273700
2020-05-07,5245.1298828125,5280.33984375,5223.85986328125,5261.60986328125,0
2020-05-08,5355.31982421875,5357.8701171875,5263.72998046875,5290.97021484375,0
2020-05-11,5366.33984375,5401.22021484375,5308.52001953125,5311.85986328125,0
2020-05-12,5236.08984375,5405.4501953125,5234.93994140625,5391.3798828125,292300
2020-05-13,5124.93994140625,5275.0,5055.490234375,5236.35986328125,389900
2020-05-14,5225.56982421875,5227.43017578125,5009.259765625,5076.10009765625,373200
2020-05-15,5193.2099609375,5200.97021484375,5101.77001953125,5107.47021484375,403200
2020-05-18,5366.8798828125,5387.22998046875,5297.97998046875,5306.83984375,0
2020-05-19,5370.009765625,5460.66015625,5369.02001953125,5377.81982421875,319900
2020-05-20,5513.5,5542.91015625,5460.5400390625,5461.47021484375,340400
2020-05-21,5432.77001953125,5523.35986328125,5415.91015625,5505.9599609375,303200
2020-05-22,5453.2998046875,5456.990234375,5375.14013671875,5420.58984375,257200
2020-05-26,5493.2001953125,5588.7998046875,5486.93994140625,5575.02978515625,331900
2020-05-27,5547.10009765625,5547.7998046875,5364.009765625,5491.509765625,427500
2020-05-28,5499.2099609375,5622.0498046875,5486.27978515625,5527.10009765625,0
2020-05-29,5619.85986328125,5631.14990234375,5481.1298828125,5516.64990234375,0
2020-06-01,5610.490234375,5634.68994140625,5572.77978515625,5585.009765625,232800
2020-06-02,5675.22998046875,5677.259765625,5570.06982421875,5621.6201171875,276300
2020-06-03,5783.06005859375,5800.31982421875,5734.43994140625,5741.31005859375,295600
2020-06-04,5760.52001953125,5824.919921875,5720.72998046875,5751.83984375,279900
2020-06-05,5915.47021484375,5964.60986328125,5821.7099609375,5832.490234375,347500
2020-06-08,5934.02978515625,5935.7001953125,5855.8701171875,5911.330078125,263800
2020-06-09,5915.0498046875,5946.580078125,5878.97998046875,5887.5498046875,311300
2020-06-10,5937.9599609375,5984.22021484375,5916.89013671875,5946.41015625,331900
2020-06-11,5577.6298828125,5818.9501953125,5577.0498046875,5797.8798828125,421300
2020-06-12,5662.47021484375,5759.22021484375,5552.419921875,5728.35009765625,0
2020-06-15,5729.97998046875,5743.5498046875,5528.97021484375,5551.18994140625,297800
2020-06-16,5857.8701171875,5928.81982421875,5775.490234375,5895.47998046875,330100
2020-06-17,5878.9501953125,5927.85986328125,5861.97998046875,5888.6298828125,252400
2020-06-18,5888.18017578125,5899.39013671875,5848.85986328125,5865.27978515625,232600
2020-06-19,5872.0498046875,5976.27001953125,5840.68017578125,5950.740234375,492300
2020-06-22,5922.39013671875,5925.16015625,5839.8798828125,5865.66015625,271300
2020-06-23,5942.02001953125,6000.7099609375,5933.85009765625,5968.259765625,312400
2020-06-24,5808.33984375,5945.8701171875,5775.009765625,5917.7001953125,325800
2020-06-25,5864.10986328125,5870.419921875,5733.77978515625,5804.89013671875,263700
2020-06-26,5787.83984375,5871.43994140625,5747.85986328125,5863.7900390625,491700
2020-06-29,5834.06005859375,5835.81005859375,5714.18994140625,5796.60986328125,306200
2020-06-30,5960.27001953125,5978.66015625,5854.8701171875,5857.419921875,345900
2020-07-01,5948.330078125,5984.31982421875,5914.35986328125,5951.41015625,271900
2020-07-02,5997.080078125,6043.35986328125,5988.60009765625,6010.91015625,262500
2020-07-06,6124.41015625,6159.83984375,6092.97998046875,6100.41015625,265900
2020-07-07,6065.77978515625,6168.169921875,6060.240234375,6105.60986328125,255500
2020-07-08,6145.35009765625,6147.58984375,6064.35986328125,6114.06982421875,248600
2020-07-09,6212.35009765625,6239.2001953125,6101.10986328125,6194.919921875,334100
2020-07-10,6204.60986328125,6221.85986328125,6134.740234375,6215.080078125,256200
2020-07-13,6063.25,6301.3798828125,6055.009765625,6277.0400390625,361000
2020-07-14,6122.22021484375,6128.669921875,5934.47021484375,6004.52001953125,325600
2020-07-15,6136.14990234375,6169.64990234375,6058.72021484375,6157.3701171875,267300
2020-07-16,6097.31982421875,6114.81982421875,6033.240234375,6070.580078125,234700
2020-07-17,6146.18017578125,6158.6201171875,6084.2900390625,6119.22998046875,226500
2020-07-20,6300.9599609375,6313.43017578125,6131.35009765625,6153.3701171875,251300
2020-07-21,6251.93017578125,6335.72998046875,6230.4599609375,6335.72998046875,0
2020-07-22,6270.14013671875,6313.509765625,6234.27978515625,6272.080078125,350800
2020-07-23,6160.9599609375,6314.64013671875,6127.06982421875,6251.64990234375,430100
2020-07-24,6056.31005859375,6118.97998046875,6012.66015625,6059.27978515625,635600
2020-07-27,6178.72021484375,6185.06005859375,6086.52001953125,6093.18017578125,395600
2020-07-28,6087.27978515625,6162.85986328125,6084.1298828125,6147.18994140625,306500
2020-07-29,6202.31982421875,6223.580078125,6132.35009765625,6136.7998046875,355900
2020-07-30,6271.72998046875,6277.580078125,6133.81005859375,6152.75,346500
2020-07-31,6300.77001953125,6301.419921875,6188.89013671875,6291.08984375,458700
2020-08-03,6379.60009765625,6389.18994140625,6337.6298828125,6348.7900390625,380600
2020-08-04,6434.509765625,6434.91015625,6363.22998046875,6366.43017578125,408900
2020-08-05,6424.56982421875,6448.2001953125,6396.83984375,6429.56005859375,270100
2020-08-06,6415.14990234375,6418.740234375,6348.22021484375,6387.5,355100
2020-08-07,6330.83984375,6406.93017578125,6266.490234375,6388.97021484375,372700
2020-08-10,6310.43994140625,6337.14990234375,6222.1201171875,6330.06982421875,347800
2020-08-11,6224.2998046875,6344.10009765625,6211.5498046875,6302.72998046875,358300
2020-08-12,6360.4599609375,6375.3701171875,6264.58984375,6266.990234375,0
2020-08-13,6332.93994140625,6382.2099609375,6309.64013671875,6341.77001953125,389100
2020-08-14,6304.56982421875,6363.52001953125,6287.419921875,6326.35009765625,275000
2020-08-17,6372.02978515625,6389.009765625,6341.4599609375,6343.33984375,243900
2020-08-18,6384.52001953125,6414.91015625,6355.259765625,6401.0400390625,247200
2020-08-19,6358.490234375,6418.72998046875,6347.330078125,6397.9501953125,269600
2020-08-20,6400.1298828125,6413.1201171875,6308.83984375,6310.81005859375,304500
2020-08-21,6408.7099609375,6411.64013671875,6355.5,6376.18994140625,363500
2020-08-24,6458.27001953125,6492.33984375,6419.830078125,6474.68994140625,321400
2020-08-25,6515.60986328125,6516.14990234375,6447.6298828125,6462.89990234375,310700
2020-08-26,6611.02978515625,6623.740234375,6528.830078125,6550.2001953125,356700
2020-08-27,6557.0400390625,6624.58984375,6515.64990234375,6624.58984375,324200
2020-08-28,6658.1201171875,6661.97998046875,6593.27001953125,6595.240234375,284200
2020-08-31,6651.2998046875,6673.990234375,6613.43017578125,6640.6298828125,544100
2020-09-01,6781.6298828125,6784.1298828125,6676.35986328125,6691.490234375,419100
2020-09-02,6915.1201171875,6936.259765625,6803.0498046875,6869.0,554300
2020-09-03,6543.56005859375,6796.52978515625,6490.009765625,6791.22998046875,696000
2020-09-04,6435.31005859375,6560.169921875,6234.669921875,6493.22998046875,764600
2020-09-08,6150.72021484375,6315.08984375,6145.16015625,6186.490234375,588800
2020-09-09,6294.83984375,6334.8701171875,6190.5,6262.68994140625,490000
2020-09-10,6191.419921875,6376.33984375,6159.830078125,6340.0400390625,460600
2020-09-11,6172.08984375,6278.77978515625,6100.240234375,6245.27978515625,452600
2020-09-14,6285.9599609375,6321.7900390625,6243.02978515625,6271.419921875,414200
2020-09-15,6363.080078125,6394.5,6336.2099609375,6351.18994140625,430100
2020-09-16,6291.72021484375,6409.27001953125,6288.31982421875,6394.18994140625,413500
2020-09-17,6241.330078125,6252.7099609375,6123.2099609375,6123.2099609375,469500
2020-09-18,6158.56005859375,6279.22021484375,6073.39990234375,6273.7998046875,689500
2020-09-21,6163.56005859375,6165.31005859375,6009.22998046875,6058.77001953125,500100
2020-09-22,6258.8701171875,6266.0400390625,6127.509765625,6205.33984375,437300
2020-09-23,6119.77978515625,6289.18994140625,6101.97021484375,6267.5498046875,415500
2020-09-24,6146.81982421875,6218.9599609375,6069.5,6069.5,434100
2020-09-25,6267.169921875,6282.5498046875,6094.02001953125,6139.72021484375,395300
2020-09-28,6395.2900390625,6396.47998046875,6307.91015625,6349.81005859375,396600
2020-09-29,6394.7998046875,6443.7099609375,6386.759765625,6399.259765625,343300
2020-09-30,6401.72998046875,6471.3798828125,6366.72998046875,6375.009765625,461800
2020-10-01,6513.259765625,6536.7900390625,6465.7099609375,6487.35009765625,368800
2020-10-02,6341.7998046875,6462.830078125,6325.169921875,6381.8701171875,395000
2020-10-05,6491.0498046875,6492.330078125,6397.7998046875,6398.1201171875,328900
2020-10-06,6419.60009765625,6565.56005859375,6400.64990234375,6484.06982421875,417600
2020-10-07,6545.5,6556.419921875,6485.91015625,6499.330078125,321700
2020-10-08,6604.0,6613.10986328125,6571.77001953125,6595.77001953125,297900
2020-10-09,6709.669921875,6719.080078125,6673.47998046875,6692.5,381200
2020-10-12,6850.18994140625,6897.490234375,6765.509765625,6789.8798828125,513100
2020-10-13,6843.4599609375,6907.93994140625,6826.6298828125,6863.93994140625,493100
2020-10-14,6817.7900390625,6884.0,6777.64013671875,6855.68994140625,369600
2020-10-15,6785.68994140625,6799.990234375,6688.3701171875,6688.6201171875,303300
2020-10-16,6772.080078125,6846.93994140625,6770.169921875,6811.93994140625,327300
2020-10-19,6687.580078125,6845.06982421875,6669.43994140625,6811.16015625,0
2020-10-20,6697.7001953125,6759.2900390625,6685.580078125,6725.5498046875,0
2020-10-21,6680.4501953125,6758.830078125,6666.89990234375,6713.330078125,0
2020-10-22,6652.919921875,6697.27001953125,6566.2001953125,6684.66015625,0
2020-10-23,6659.52978515625,6659.759765625,6593.240234375,6645.31982421875,359400
2020-10-26,6524.52001953125,6628.56005859375,6448.0400390625,6589.2001953125,409300
2020-10-27,6531.35986328125,6584.93994140625,6517.259765625,6579.18994140625,482300
2020-10-28,6307.990234375,6425.27001953125,6304.14013671875,6422.259765625,488200
2020-10-29,6437.22021484375,6498.64990234375,6332.14013671875,6332.4599609375,407200
2020-10-30,6320.77001953125,6409.02978515625,6270.89013671875,6375.16015625,513900
2020-11-02,6346.759765625,6418.6298828125,6280.27001953125,6376.759765625,372200
2020-11-03,6473.669921875,6508.1298828125,6385.2099609375,6400.0498046875,339300
2020-11-04,6740.2001953125,6780.7900390625,6598.1298828125,6654.83984375,469000
2020-11-05,6945.64013671875,6959.89013671875,6882.2900390625,6892.85009765625,416400
2020-11-06,6996.93994140625,7014.39990234375,6886.330078125,6942.47998046875,352500
2020-11-09,6901.9599609375,7175.830078125,6897.419921875,7123.3701171875,508600
2020-11-10,6714.77978515625,6862.27978515625,6680.7998046875,6829.52001953125,466500
2020-11-11,6894.6298828125,6913.31982421875,6800.08984375,6804.22998046875,353000
2020-11-12,6830.06005859375,6947.7900390625,6805.0,6909.3798828125,326600
2020-11-13,6915.64013671875,6944.47998046875,6867.330078125,6911.06982421875,301100
2020-11-16,6995.14990234375,7012.240234375,6918.509765625,6930.8798828125,341700
2020-11-17,6958.3798828125,6983.9501953125,6920.58984375,6963.490234375,282800
2020-11-18,6881.2998046875,6979.08984375,6879.97021484375,6955.91015625,299300
2020-11-19,6977.14013671875,6982.259765625,6842.56005859375,6849.72998046875,310500
2020-11-20,6927.580078125,7016.3798828125,6924.60009765625,6981.1201171875,294300
2020-11-23,6961.81005859375,6992.72998046875,6892.5,6958.02001953125,378300
2020-11-24,7028.8798828125,7035.2001953125,6922.1298828125,6989.6201171875,0
2020-11-25,7034.0498046875,7075.56982421875,7006.14990234375,7046.91015625,279700
2020-11-27,7122.22021484375,7143.25,7080.60009765625,7083.27001953125,166300
2020-11-30,7170.509765625,7175.68017578125,7033.25,7129.93994140625,487400
2020-12-01,7254.330078125,7286.14990234375,7175.509765625,7215.93994140625,439200
2020-12-02,7274.1298828125,7281.06005859375,7207.89990234375,7224.97998046875,324200
2020-12-03,7251.8701171875,7307.1201171875,7242.08984375,7245.16015625,351600
2020-12-04,7394.85009765625,7395.18017578125,7288.31005859375,7289.3798828125,342600
2020-12-07,7411.35009765625,7429.919921875,7383.7099609375,7401.0,319700
2020-12-08,7443.58984375,7461.68017578125,7379.080078125,7410.41015625,272100
2020-12-09,7271.35009765625,7460.5400390625,7234.31005859375,7427.72021484375,390400
2020-12-10,7275.830078125,7307.75,7190.83984375,7218.419921875,303500
2020-12-11,7258.27978515625,7280.97998046875,7182.22998046875,7227.669921875,313700
2020-12-14,7327.02978515625,7365.35986328125,7291.52978515625,7292.2001953125,316500
2020-12-15,7427.22021484375,7429.41015625,7371.6298828125,7408.47021484375,406800
2020-12-16,7468.64013671875,7480.31005859375,7429.4501953125,7453.4599609375,334700
2020-12-17,7517.85986328125,7527.18994140625,7477.77001953125,7520.64990234375,299700
2020-12-18,7526.35986328125,7554.27978515625,7481.3798828125,7536.7900390625,653700
2020-12-21,7515.08984375,7525.08984375,7379.93994140625,7433.4501953125,402800
2020-12-22,7563.77001953125,7565.52978515625,7484.02001953125,7525.68994140625,378400
2020-12-23,7488.14013671875,7581.47998046875,7485.740234375,7580.18017578125,261700
2020-12-24,7523.2998046875,7531.81982421875,7483.83984375,7506.4599609375,144800
2020-12-28,7495.5,7601.330078125,7489.5400390625,7595.919921875,309400
2020-12-29,7458.64990234375,7544.830078125,7423.60986328125,7537.81005859375,339200
2020-12-30,7529.83984375,7548.6201171875,7490.580078125,7502.5,280000
2020-12-31,7541.0498046875,7547.990234375,7497.7998046875,7541.7900390625,281400
2021-01-04,7463.18017578125,7644.39990234375,7375.4501953125,7589.08984375,446100
2021-01-05,7544.919921875,7548.3798828125,7447.0400390625,7449.9599609375,304800
2021-01-06,7427.18017578125,7558.06982421875,7394.02978515625,7427.85986328125,436300
2021-01-07,7670.759765625,7686.89990234375,7519.16015625,7519.16015625,361500
2021-01-08,7751.66015625,7786.2998046875,7658.009765625,7761.10986328125,385000
2021-01-11,7723.3798828125,7785.4501953125,7662.93017578125,7688.169921875,355700
2021-01-12,7776.0400390625,7791.7998046875,7697.830078125,7754.43994140625,371400
2021-01-13,7774.02001953125,7817.990234375,7734.5400390625,7806.43994140625,415600
2021-01-14,7831.3798828125,7904.52978515625,7824.669921875,7846.66015625,406600
2021-01-15,7729.1201171875,7833.64013671875,7691.85009765625,7821.68994140625,377900
2021-01-19,7918.9501953125,7934.2998046875,7816.9501953125,7836.259765625,366500
2021-01-20,7974.97998046875,8034.580078125,7965.66015625,8009.7099609375,361100
2021-01-21,8007.080078125,8025.2001953125,7943.10986328125,8025.2001953125,406300
2021-01-22,7945.0,8018.8798828125,7935.91015625,7982.6298828125,414500
2021-01-25,7953.0400390625,8040.10986328125,7795.1201171875,8035.169921875,437800
2021-01-26,7876.31982421875,7961.77978515625,7868.14990234375,7959.259765625,337700
2021-01-27,7548.91015625,7746.27978515625,7507.080078125,7695.27001953125,513500
2021-01-28,7702.56982421875,7809.41015625,7633.419921875,7646.66015625,442900
2021-01-29,7576.52978515625,7705.68994140625,7517.2099609375,7702.4501953125,473100
2021-02-01,7832.35986328125,7851.66015625,7657.10009765625,7687.6298828125,341700
2021-02-02,7994.22998046875,8005.39013671875,7895.419921875,7927.7900390625,290900
2021-02-03,7854.9599609375,8009.33984375,7854.2900390625,8007.330078125,307500
2021-02-04,7970.3701171875,7972.89990234375,7845.89013671875,7864.7998046875,336500
2021-02-05,7988.4599609375,8016.2998046875,7963.330078125,8002.1201171875,279800
2021-02-08,8121.08984375,8121.83984375,8042.97021484375,8051.14013671875,292200
2021-02-09,8155.9599609375,8175.85986328125,8088.89990234375,8115.31982421875,280200
2021-02-10,8201.919921875,8273.0703125,8108.14990234375,8243.7900390625,279500
2021-02-11,8384.099609375,8386.849609375,8260.4404296875,8274.9599609375,274600
2021-02-12,8470.0498046875,8473.8603515625,8312.41015625,8366.2900390625,247000
2021-02-16,8480.8603515625,8574.83984375,8442.33984375,8531.51953125,284700
2021-02-17,8349.33984375,8403.4697265625,8245.490234375,8370.4697265625,290300
2021-02-18,8274.1201171875,8302.169921875,8160.14990234375,8241.98046875,298700
2021-02-19,8408.8798828125,8447.5400390625,8330.330078125,8358.6796875,333600
2021-02-22,8119.669921875,8331.650390625,8103.25,8285.7099609375,361300
2021-02-23,8059.7900390625,8101.18017578125,7759.6298828125,7939.39013671875,447400
2021-02-24,8207.6796875,8212.0400390625,7895.1201171875,7983.2998046875,358500
2021-02-25,7795.56005859375,8167.14990234375,7765.240234375,8106.2998046875,458100
2021-02-26,7888.02978515625,7976.60009765625,7739.22998046875,7884.14013671875,475200
2021-03-01,8155.8701171875,8161.740234375,7978.4599609375,8033.56982421875,355800
2021-03-02,7949.2900390625,8187.35009765625,7944.7001953125,8187.35009765625,321000
2021-03-03,7660.2900390625,7956.43017578125,7648.2998046875,7930.7001953125,392100
2021-03-04,7395.33984375,7673.72021484375,7297.56982421875,7589.58984375,566700
2021-03-05,7541.2099609375,7555.52978515625,7176.66015625,7518.18017578125,519000
2021-03-08,7197.58984375,7549.52978515625,7189.7099609375,7499.14013671875,463500
2021-03-09,7592.3701171875,7635.22998046875,7434.3701171875,7458.60986328125,437700
2021-03-10,7493.43994140625,7704.009765625,7484.6298828125,7694.91015625,375800
2021-03-11,7780.58984375,7820.2001953125,7673.0400390625,7684.81982421875,376200
2021-03-12,7661.0,7676.080078125,7554.18994140625,7629.2001953125,309300
2021-03-15,7803.3798828125,7806.759765625,7652.240234375,7674.2998046875,303600
2021-03-16,7852.580078125,7965.97998046875,7808.52001953125,7864.6201171875,366300
2021-03-17,7906.740234375,7959.740234375,7689.5,7746.7900390625,366800
2021-03-18,7604.509765625,7792.93017578125,7598.7900390625,7766.27978515625,394700
2021-03-19,7681.990234375,7745.330078125,7544.2099609375,7611.10986328125,579700
2021-03-22,7838.43994140625,7900.4599609375,7762.2001953125,7769.91015625,358300
2021-03-23,7734.919921875,7867.10986328125,7717.39013671875,7865.64990234375,353700
2021-03-24,7594.740234375,7816.31982421875,7592.2998046875,7809.27978515625,399500
2021-03-25,7547.22021484375,7586.41015625,7429.419921875,7485.509765625,380500
2021-03-26,7810.72021484375,7818.4501953125,7538.759765625,7546.8701171875,449600
2021-03-29,7724.81005859375,7791.16015625,7650.93017578125,7771.35986328125,359100
2021-03-30,7685.35986328125,7707.47021484375,7602.5498046875,7668.97021484375,313300
2021-03-31,7866.83984375,7923.14013671875,7754.580078125,7756.6201171875,407500
2021-04-01,8103.52978515625,8106.85986328125,8002.3701171875,8012.22998046875,350400
2021-04-05,8245.2001953125,8256.51953125,8143.10986328125,8174.31005859375,337800
2021-04-06,8193.0400390625,8272.66015625,8156.89013671875,8209.759765625,295300
2021-04-07,8173.75,8205.6298828125,8135.02001953125,8179.9501953125,277800
2021-04-08,8298.5498046875,8301.1201171875,8235.0595703125,8270.16015625,309000
2021-04-09,8304.740234375,8309.6201171875,8220.1796875,8247.7900390625,303700
2021-04-12,8251.490234375,8275.919921875,8212.0595703125,8254.3701171875,367800
2021-04-13,8328.009765625,8342.1201171875,8255.849609375,8297.51953125,315000
2021-04-14,8224.830078125,8363.330078125,8208.580078125,8324.73046875,283400
2021-04-15,8377.7001953125,8385.58984375,8288.4296875,8317.75,340400
2021-04-16,8323.419921875,8366.2099609375,8297.9599609375,8363.830078125,296600
2021-04-19,8164.64013671875,8320.5,8107.06005859375,8277.2998046875,314400
2021-04-20,8075.93017578125,8168.89013671875,8034.080078125,8136.509765625,292200
2021-04-21,8213.2900390625,8215.009765625,8057.2001953125,8074.60986328125,266900
2021-04-22,8109.85009765625,8245.08984375,8081.27001953125,8209.5595703125,332900
2021-04-23,8259.330078125,8281.240234375,8155.5400390625,8156.56005859375,349600
2021-04-26,8374.23046875,8376.7802734375,8255.5,8269.169921875,297300
2021-04-27,8321.0703125,8382.599609375,8281.509765625,8382.48046875,307700
2021-04-28,8264.759765625,8317.8095703125,8258.650390625,8311.0400390625,412500
2021-04-29,8286.6103515625,8346.9599609375,8188.47021484375,8344.830078125,433800
2021-04-30,8121.35986328125,8249.1796875,8110.9501953125,8174.66015625,360300
2021-05-03,8022.72998046875,8170.2998046875,8006.4599609375,8169.2001953125,307700
2021-05-04,7863.02001953125,7930.56005859375,7745.14990234375,7910.740234375,432200
2021-05-05,7859.22998046875,7961.7001953125,7834.1298828125,7952.66015625,287300
2021-05-06,7853.18994140625,7858.6201171875,7722.33984375,7804.0400390625,301700
2021-05-07,7939.97998046875,8023.9501953125,7892.77978515625,7951.93994140625,271300
2021-05-10,7665.5,7873.2998046875,7664.8701171875,7871.06005859375,352800
2021-05-11,7718.93017578125,7745.27001953125,7446.43994140625,7455.490234375,406100
2021-05-12,7468.7099609375,7622.1298828125,7447.41015625,7560.47998046875,395400
2021-05-13,7503.0,7618.22021484375,7434.02978515625,7569.89013671875,362600
2021-05-14,7706.9599609375,7742.4501953125,7546.0400390625,7597.85986328125,314700
2021-05-17,7644.7099609375,7652.14990234375,7551.669921875,7639.009765625,271400
2021-05-18,7596.8701171875,7725.89013671875,7593.6201171875,7695.60986328125,255500
2021-05-19,7690.0,7694.85986328125,7437.509765625,7440.259765625,361300
2021-05-20,7890.68017578125,7910.0498046875,7745.27978515625,7745.919921875,318300
2021-05-21,7850.009765625,7941.52001953125,7841.990234375,7940.1201171875,280100
2021-05-24,8000.27001953125,8032.16015625,7917.22998046875,7924.39990234375,254500
2021-05-25,8033.2099609375,8078.93994140625,8008.66015625,8047.2998046875,292000
2021-05-26,8053.77978515625,8090.75,8018.43994140625,8052.0400390625,222800
2021-05-27,8019.8798828125,8057.6201171875,7965.919921875,8004.830078125,350000
2021-05-28,8064.85009765625,8120.1201171875,8052.10009765625,8068.7001953125,258800
2021-06-01,8025.759765625,8146.259765625,7983.3798828125,8108.58984375,265500
2021-06-02,8046.7099609375,8088.77978515625,8014.1201171875,8018.68017578125,238800
2021-06-03,7908.5400390625,7975.81982421875,7877.7900390625,7956.3798828125,284100
2021-06-04,8110.8701171875,8121.1201171875,7989.02978515625,7990.97998046875,280300
2021-06-07,8101.669921875,8110.68994140625,8063.41015625,8084.580078125,264200
2021-06-08,8092.6298828125,8191.509765625,8051.6298828125,8171.5400390625,284300
2021-06-09,8069.16015625,8140.18017578125,8068.06982421875,8126.9599609375,227400
2021-06-10,8190.75,8194.0400390625,8065.77978515625,8076.740234375,263900
2021-06-11,8240.83984375,8241.4599609375,8180.77001953125,8189.85009765625,220600
2021-06-14,8334.3798828125,8334.7900390625,8223.7099609375,8251.5302734375,269700
2021-06-15,8261.01953125,8338.009765625,8245.259765625,8317.7001953125,233200
2021-06-16,8221.5703125,8316.2998046875,8131.4599609375,8277.2900390625,286700
2021-06-17,8341.2099609375,8379.150390625,8186.2001953125,8186.25,356400
2021-06-18,8268.330078125,8347.9404296875,8241.099609375,8322.16015625,489300
2021-06-21,8307.33984375,8319.91015625,8201.3798828125,8263.25,286000
2021-06-22,8393.8896484375,8397.759765625,8314.080078125,8325.83984375,268200
2021-06-23,8398.1796875,8440.5703125,8386.3203125,8396.9404296875,223800
2021-06-24,8510.6103515625,8540.08984375,8468.4501953125,8468.5498046875,253700
2021-06-25,8508.849609375,8551.0498046875,8496.26953125,8536.7197265625,291900
2021-06-28,8657.3896484375,8667.75,8568.76953125,8569.240234375,266400
2021-06-29,8721.400390625,8724.419921875,8619.76953125,8649.349609375,263800
2021-06-30,8681.2099609375,8717.33984375,8659.169921875,8713.91015625,312700
2021-07-01,8607.3701171875,8673.1904296875,8571.2998046875,8651.650390625,296100
2021-07-02,8675.759765625,8684.9404296875,8644.2099609375,8664.5,270400
2021-07-06,8675.650390625,8715.080078125,8591.9599609375,8693.3203125,318800
2021-07-07,8612.669921875,8742.25,8581.490234375,8742.1796875,307600
2021-07-08,8525.1796875,8554.76953125,8409.75,8443.9296875,318900
2021-07-09,8628.16015625,8637.400390625,8483.3603515625,8520.080078125,274800
2021-07-12,8637.3701171875,8680.26953125,8598.2197265625,8667.7900390625,231200
2021-07-13,8622.1796875,8678.259765625,8593.1904296875,8626.5400390625,262900
2021-07-14,8590.5703125,8730.830078125,8579.48046875,8699.900390625,294400
2021-07-15,8497.0,8586.3798828125,8437.01953125,8577.0,302200
2021-07-16,8395.5400390625,8550.1904296875,8388.349609375,8529.5,284700
2021-07-19,8348.0400390625,8365.8896484375,8254.98046875,8286.490234375,354600
2021-07-20,8480.419921875,8535.23046875,8319.9296875,8375.9501953125,0
2021-07-21,8638.08984375,8638.48046875,8481.0,8491.919921875,0
2021-07-22,8663.9599609375,8665.2001953125,8609.759765625,8619.580078125,0
2021-07-23,8749.51953125,8760.099609375,8638.5400390625,8691.4404296875,0
2021-07-26,8726.6201171875,8737.240234375,8692.400390625,8720.1796875,259900
2021-07-27,8593.509765625,8706.2900390625,8446.2998046875,8700.330078125,383000
2021-07-28,8710.080078125,8735.66015625,8600.080078125,8647.1103515625,446400
2021-07-29,8816.6904296875,8838.4599609375,8726.3701171875,8729.51953125,404100
2021-07-30,8886.169921875,8917.4697265625,8785.33984375,8785.33984375,355300
2021-08-02,8898.580078125,8977.150390625,8864.509765625,8938.7099609375,337300
2021-08-03,8942.26953125,8956.23046875,8832.4501953125,8917.51953125,393900
2021-08-04,9021.8203125,9047.169921875,8929.9599609375,8955.75,473500
2021-08-05,9040.83984375,9043.8603515625,8978.0498046875,9011.6904296875,330000
2021-08-06,8990.16015625,9026.830078125,8962.1298828125,8987.5498046875,322800
2021-08-09,8965.9501953125,9013.5302734375,8942.5302734375,9008.08984375,281500
2021-08-10,8861.849609375,9004.25,8845.7998046875,8992.23046875,339700
2021-08-11,8870.900390625,8919.66015625,8792.7001953125,8901.0703125,295100
2021-08-12,8849.58984375,8869.740234375,8781.490234375,8818.0400390625,332300
2021-08-13,8877.3798828125,8896.259765625,8826.490234375,8842.98046875,300800
2021-08-16,8829.4404296875,8867.650390625,8753.6103515625,8851.830078125,328800
2021-08-17,8720.5703125,8764.9501953125,8661.599609375,8754.0703125,331000
2021-08-18,8642.4599609375,8751.5595703125,8636.6796875,8697.4599609375,311800
2021-08-19,8716.8203125,8747.1298828125,8585.33984375,8597.830078125,395800
2021-08-20,8789.6396484375,8799.8798828125,8726.080078125,8739.3095703125,345200
2021-08-23,8970.5302734375,8982.3603515625,8853.6298828125,8853.6298828125,359800
2021-08-24,9025.83984375,9034.26953125,9001.3896484375,9008.2197265625,282800
2021-08-25,9063.599609375,9093.33984375,9027.6904296875,9063.419921875,345300
2021-08-26,9026.650390625,9079.8896484375,8993.2900390625,9041.849609375,273400
2021-08-27,9181.580078125,9193.8701171875,9055.8203125,9056.0703125,301600
2021-08-30,9228.9599609375,9266.1904296875,9197.75,9224.330078125,297800
2021-08-31,9139.0703125,9186.419921875,9105.490234375,9185.76953125,352400
2021-09-01,9131.8203125,9193.5595703125,9126.419921875,9164.669921875,298700
2021-09-02,9157.98046875,9174.8798828125,9111.9599609375,9165.16015625,271200
2021-09-03,9209.9296875,9242.3203125,9136.2001953125,9139.330078125,240900
2021-09-07,9181.51953125,9236.0498046875,9141.4501953125,9233.0703125,266500
2021-09-08,9111.580078125,9169.6904296875,9059.0703125,9166.7099609375,271500
2021-09-09,9124.2998046875,9163.0400390625,9111.2099609375,9112.2900390625,227100
2021-09-10,9119.419921875,9242.8798828125,9115.75,9193.009765625,348600
2021-09-13,9106.3701171875,9171.66015625,9031.6298828125,9167.1201171875,314300
2021-09-14,9101.3896484375,9169.1904296875,9078.8701171875,9142.259765625,306500
2021-09-15,9177.51953125,9178.5,9063.5498046875,9111.669921875,290800
2021-09-16,9213.7802734375,9230.849609375,9103.66015625,9131.0703125,256100
2021-09-17,9090.1396484375,9191.509765625,9053.9404296875,9188.1904296875,505300
2021-09-20,8885.1201171875,8970.26953125,8766.669921875,8913.9296875,413600
2021-09-21,8898.1396484375,8954.0400390625,8846.7802734375,8942.080078125,264000
2021-09-22,9011.240234375,9034.9404296875,8896.3896484375,8924.080078125,302300
2021-09-23,9107.759765625,9132.5498046875,9021.919921875,9054.6904296875,256400
2021-09-24,9115.73046875,9124.7001953125,9029.900390625,9051.0,214300
2021-09-27,9032.0400390625,9059.0595703125,8950.1103515625,9024.41015625,285100
2021-09-28,8697.599609375,8919.2998046875,8696.240234375,8873.0703125,429800
2021-09-29,8600.4599609375,8753.3603515625,8590.009765625,8729.9296875,321700
2021-09-30,8606.6396484375,8719.5498046875,8604.5595703125,8660.7197265625,328000
2021-10-01,8652.1396484375,8680.7099609375,8517.009765625,8647.6201171875,315300
2021-10-04,8413.3701171875,8585.490234375,8360.5302734375,8584.73046875,383000
2021-10-05,8535.9501953125,8583.41015625,8445.7802734375,8464.509765625,299200
2021-10-06,8591.080078125,8597.009765625,8424.0,8434.6904296875,319500
2021-10-07,8691.9599609375,8785.580078125,8682.3603515625,8687.3798828125,284700
2021-10-08,8626.599609375,8733.6298828125,8616.099609375,8730.7802734375,228400
2021-10-11,8574.080078125,8695.58984375,8567.4404296875,8587.3095703125,221400
2021-10-12,8555.16015625,8632.6796875,8535.0400390625,8616.01953125,316200
2021-10-13,8681.9404296875,8706.5302734375,8621.5302734375,8637.4599609375,306000
2021-10-14,8876.330078125,8887.490234375,8794.5400390625,8807.6796875,0
2021-10-15,8910.6201171875,8919.3603515625,8868.240234375,8905.830078125,277100
2021-10-18,9020.8701171875,9024.5498046875,8857.759765625,8871.2998046875,289800
2021-10-19,9118.5400390625,9120.3798828125,9009.259765625,9043.080078125,267000
2021-10-20,9109.330078125,9154.1103515625,9078.76953125,9139.349609375,232100
2021-10-21,9229.080078125,9234.2900390625,9073.9501953125,9075.2001953125,251200
2021-10-22,9177.4697265625,9277.8896484375,9142.9599609375,9213.25,371500
2021-10-25,9220.58984375,9259.349609375,9168.1796875,9190.7197265625,294500
2021-10-26,9192.8701171875,9307.25,9179.259765625,9288.830078125,414100
2021-10-27,9104.3095703125,9229.6298828125,9103.83984375,9166.0703125,400000
2021-10-28,9202.1396484375,9217.76953125,9148.990234375,9174.8095703125,363300
2021-10-29,9276.330078125,9290.4404296875,9177.0595703125,9177.099609375,384400
2021-11-01,9316.98046875,9318.759765625,9253.6298828125,9271.08984375,323800
2021-11-02,9383.2998046875,9386.1298828125,9319.3095703125,9322.3701171875,310200
2021-11-03,9454.48046875,9460.490234375,9331.7001953125,9396.48046875,281000
2021-11-04,9672.76953125,9685.009765625,9503.0595703125,9513.6103515625,470400
2021-11-05,9679.8095703125,9759.7099609375,9624.98046875,9706.6298828125,419900
2021-11-08,9772.169921875,9807.7099609375,9695.5400390625,9722.330078125,419500
2021-11-09,9803.2099609375,9848.3203125,9713.7998046875,9823.240234375,370900
2021-11-10,9545.3203125,9766.6796875,9515.1298828125,9686.83984375,382000
2021-11-11,9651.01953125,9681.8798828125,9621.3203125,9644.830078125,266800
2021-11-12,9786.5,9798.2900390625,9683.7802734375,9696.990234375,318400
2021-11-15,9712.2001953125,9792.01953125,9648.8203125,9787.830078125,310500
2021-11-16,9855.419921875,9866.3603515625,9686.7802734375,9698.48046875,314400
2021-11-17,9801.5498046875,9860.1796875,9778.83984375,9860.1796875,328900
2021-11-18,9840.0498046875,9886.0595703125,9768.1298828125,9876.6201171875,447100
2021-11-19,9846.5595703125,9926.8701171875,9836.7099609375,9888.599609375,429800
2021-11-22,9627.240234375,9926.23046875,9621.7900390625,9866.6298828125,478900
2021-11-23,9539.669921875,9631.240234375,9394.580078125,9552.33984375,449500
2021-11-24,9595.7001953125,9598.650390625,9360.169921875,9420.25,340700
2021-11-26,9402.5302734375,9572.6103515625,9371.9501953125,9511.58984375,287500
2021-11-29,9670.75,9683.740234375,9479.599609375,9541.23046875,382600
2021-11-30,9446.7802734375,9693.73046875,9415.6396484375,9637.5703125,586500
2021-12-01,9275.7802734375,9632.5595703125,9266.169921875,9596.5498046875,516100
2021-12-02,9371.5498046875,9430.2001953125,9213.3095703125,9238.759765625,470800
2021-12-03,9175.669921875,9429.33984375,9057.01953125,9389.6103515625,594000
2021-12-06,9246.259765625,9261.51953125,9006.8603515625,9165.75,469300
2021-12-07,9612.73046875,9641.8896484375,9452.4501953125,9452.4501953125,515400
2021-12-08,9646.8896484375,9664.98046875,9529.0,9582.8798828125,399000
2021-12-09,9448.099609375,9684.009765625,9442.009765625,9601.9296875,387700
2021-12-10,9518.1396484375,9613.0400390625,9429.6396484375,9564.3896484375,367900
2021-12-13,9373.759765625,9540.5595703125,9368.4697265625,9522.73046875,437800
2021-12-14,9240.2099609375,9298.3603515625,9132.509765625,9231.580078125,449700
2021-12-15,9521.5498046875,9528.759765625,9141.6103515625,9250.650390625,482900
2021-12-16,9194.330078125,9548.150390625,9138.3603515625,9548.150390625,521500
2021-12-17,9219.349609375,9312.580078125,9065.01953125,9096.7001953125,665200
2021-12-20,9113.240234375,9166.33984375,9044.5595703125,9056.3203125,376300
2021-12-21,9431.2802734375,9439.3701171875,9136.509765625,9263.66015625,420300
2021-12-22,9508.169921875,9510.2900390625,9354.349609375,9391.73046875,322800
2021-12-23,9584.75,9619.4599609375,9509.7802734375,9523.2998046875,304500
2021-12-27,9764.900390625,9766.7197265625,9620.2197265625,9620.2197265625,310700
2021-12-28,9657.73046875,9793.419921875,9629.8603515625,9790.9296875,0
2021-12-29,9656.8896484375,9693.5,9583.2802734375,9660.66015625,272800
2021-12-30,9637.169921875,9739.169921875,9626.759765625,9658.5302734375,249600
2021-12-31,9575.3896484375,9666.8798828125,9572.4599609375,9621.650390625,245700
2022-01-03,9565.419921875,9649.76953125,9450.4404296875,9596.48046875,367400
2022-01-04,9408.16015625,9560.1904296875,9239.3701171875,9558.83984375,452400
2022-01-05,9044.6201171875,9384.9599609375,9039.4501953125,9304.3701171875,480800
2022-01-06,9117.75,9195.2001953125,8952.4404296875,8995.1201171875,437700
2022-01-07,8939.6396484375,9187.1298828125,8887.25,9100.3603515625,377400
2022-01-10,8991.2001953125,8998.400390625,8632.169921875,8771.76953125,516600
2022-01-11,9146.7802734375,9155.740234375,8894.8603515625,8936.7900390625,393700
2022-01-12,9167.650390625,9301.3896484375,9093.1396484375,9240.9599609375,360400
2022-01-13,8858.2197265625,9263.7001953125,8841.6904296875,9241.2802734375,443700
2022-01-14,8983.2001953125,8985.8203125,8793.0302734375,8793.58984375,401200
2022-01-18,8678.990234375,8900.3203125,8660.1904296875,8799.25,428300
2022-01-19,8575.2001953125,8847.8701171875,8571.48046875,8739.9501953125,431000
2022-01-20,8447.7001953125,8792.099609375,8442.1396484375,8678.419921875,430400
2022-01-21,8235.0498046875,8547.8603515625,8221.01953125,8387.419921875,605300
2022-01-24,8370.66015625,8378.919921875,7798.47021484375,8052.330078125,777900
2022-01-25,8029.52001953125,8226.7900390625,7995.509765625,8167.58984375,549200
2022-01-26,8053.919921875,8402.2900390625,7958.72998046875,8257.3896484375,617200
2022-01-27,7868.56982421875,8200.6796875,7852.39013671875,8179.56982421875,619800
2022-01-28,8134.18994140625,8135.759765625,7717.35986328125,7904.18994140625,612700
2022-01-31,8542.900390625,8545.1904296875,8146.419921875,8190.490234375,537500
2022-02-01,8594.73046875,8604.5595703125,8396.0498046875,8587.7197265625,454800
2022-02-02,8670.1396484375,8721.91015625,8534.740234375,8710.2900390625,575500
2022-02-03,8259.6103515625,8525.759765625,8236.08984375,8408.7099609375,654400
2022-02-04,8389.0498046875,8464.349609375,8183.1298828125,8249.5595703125,485400
2022-02-07,8344.1201171875,8515.4296875,8315.8603515625,8399.98046875,434400
2022-02-08,8487.919921875,8509.98046875,8288.26953125,8295.1298828125,455700
2022-02-09,8776.5400390625,8778.5302734375,8551.4296875,8626.6904296875,484300
2022-02-10,8586.099609375,8858.1103515625,8540.8798828125,8594.16015625,530700
2022-02-11,8221.3798828125,8665.0703125,8173.06005859375,8623.1396484375,613200
2022-02-14,8235.9599609375,8364.419921875,8146.41015625,8232.9404296875,483100
2022-02-15,8541.58984375,8552.26953125,8348.9599609375,8392.3896484375,504100
2022-02-16,8488.1298828125,8512.7900390625,8342.9404296875,8438.91015625,442700
2022-02-17,8131.5400390625,8402.3095703125,8121.2900390625,8398.8701171875,477800
2022-02-18,7985.25,8162.52978515625,7925.490234375,8142.8701171875,543600
2022-02-22,7951.8798828125,8109.5498046875,7861.5,7912.740234375,557200
2022-02-23,7753.330078125,8109.06005859375,7747.85009765625,8076.7001953125,511100
2022-02-24,8158.97021484375,8168.169921875,7467.81005859375,7478.759765625,713600
2022-02-25,8242.1904296875,8245.1796875,7989.43994140625,8105.18994140625,507900
2022-02-28,8277.5595703125,8353.0,8140.97998046875,8195.259765625,518900
2022-03-01,8123.3798828125,8350.8203125,8062.66015625,8298.7197265625,514000
2022-03-02,8295.849609375,8325.4697265625,8061.6298828125,8176.06982421875,478600
2022-03-03,8080.89013671875,8333.9599609375,8028.52001953125,8315.9501953125,463100
2022-03-04,7883.91015625,8104.06005859375,7820.43994140625,8052.52978515625,486300
2022-03-07,7492.43994140625,7944.93017578125,7490.240234375,7918.33984375,525200
2022-03-08,7489.39990234375,7723.77978515625,7353.2001953125,7460.990234375,619600
2022-03-09,7839.27001953125,7874.66015625,7657.27001953125,7723.7001953125,486300
2022-03-10,7688.81005859375,7732.75,7569.35009765625,7711.830078125,469300
2022-03-11,7440.16015625,7748.5498046875,7431.740234375,7744.43017578125,473600
2022-03-14,7193.06005859375,7452.2099609375,7148.4599609375,7393.97998046875,0
2022-03-15,7431.490234375,7443.2099609375,7190.18994140625,7252.990234375,0
2022-03-16,7852.5,7854.02978515625,7500.4501953125,7591.39013671875,0
2022-03-17,7964.39990234375,7965.77001953125,7733.02001953125,7768.169921875,0
2022-03-18,8198.83984375,8211.4599609375,7900.39990234375,7924.0498046875,0
2022-03-21,8137.68017578125,8209.849609375,7990.740234375,8129.64990234375,0
2022-03-22,8307.6103515625,8378.1396484375,8120.169921875,8124.35986328125,441300
2022-03-23,8112.2900390625,8297.91015625,8094.919921875,8182.64990234375,460300
2022-03-24,8366.91015625,8368.51953125,8089.740234375,8173.35009765625,534800
2022-03-25,8296.7197265625,8374.2802734375,8163.02978515625,8357.669921875,439200
2022-03-28,8432.8896484375,8434.3896484375,8221.7001953125,8280.91015625,414200
2022-03-29,8625.330078125,8646.9599609375,8456.830078125,8561.9599609375,471200
2022-03-30,8436.849609375,8621.1796875,8395.6201171875,8556.7998046875,473800
2022-03-31,8320.0595703125,8486.150390625,8317.919921875,8430.509765625,547300
2022-04-01,8302.16015625,8385.1396484375,8204.5595703125,8367.5302734375,468100
2022-04-04,8495.51953125,8498.6103515625,8339.4599609375,8354.2001953125,397100
2022-04-05,8192.3798828125,8472.75,8168.97021484375,8464.4697265625,411100
2022-04-06,7972.080078125,8080.58984375,7904.81982421875,8020.419921875,522900
2022-04-07,7995.4501953125,8069.0498046875,7849.72998046875,7940.41015625,410900
2022-04-08,7836.41015625,7957.669921875,7826.75,7911.60986328125,400100
2022-04-11,7694.509765625,7779.5400390625,7668.3701171875,7720.0,427000
2022-04-12,7641.7998046875,7920.5400390625,7613.7998046875,7856.52978515625,428800
2022-04-13,7856.56982421875,7886.72998046875,7641.52001953125,7662.6298828125,382400
2022-04-14,7624.25,7864.77001953125,7619.77978515625,7864.77001953125,394400
2022-04-18,7615.64013671875,7679.60009765625,7522.0498046875,7584.8701171875,359400
2022-04-19,7819.0400390625,7833.7099609375,7549.330078125,7583.580078125,362100
2022-04-20,7702.7998046875,7921.47998046875,7690.68994140625,7892.240234375,370400
2022-04-21,7435.330078125,7874.2900390625,7407.27001953125,7792.52978515625,445800
2022-04-22,7245.1201171875,7482.0,7240.2998046875,7436.2900390625,429500
2022-04-25,7420.7001953125,7425.81005859375,7192.41015625,7192.4501953125,487000
2022-04-26,7124.14013671875,7363.2900390625,7123.3798828125,7352.97021484375,486700
2022-04-27,7102.02978515625,7269.31005859375,7067.97998046875,7082.06005859375,495000
2022-04-28,7454.66015625,7519.97998046875,7155.240234375,7277.77001953125,578100
2022-04-29,7102.06982421875,7486.4599609375,7092.89013671875,7350.68017578125,547400
2022-05-02,7282.93994140625,7286.31982421875,7054.31005859375,7098.7998046875,524900
2022-05-03,7259.83984375,7336.8798828125,7195.4501953125,7240.830078125,459600
2022-05-04,7501.60986328125,7506.89013671875,7026.240234375,7251.490234375,669200
2022-05-05,7064.25,7383.52978515625,6976.5,7377.43994140625,637200
2022-05-06,6879.3798828125,7063.85986328125,6776.10986328125,6987.2900390625,572400
2022-05-09,6484.08984375,6779.89013671875,6452.72998046875,6708.1201171875,642400
2022-05-10,6618.759765625,6733.2001953125,6430.22998046875,6698.16015625,603900
2022-05-11,6379.419921875,6722.39013671875,6365.27978515625,6536.18994140625,610700
2022-05-12,6437.169921875,6530.7099609375,6227.8701171875,6271.1201171875,674500
2022-05-13,6802.1298828125,6834.47998046875,6562.58984375,6576.10009765625,557300
2022-05-16,6628.3701171875,6780.080078125,6612.72021484375,6714.919921875,455100
2022-05-17,6829.81982421875,6860.56982421875,6656.3701171875,6813.06982421875,512800
2022-05-18,6480.9501953125,6765.93017578125,6460.669921875,6705.990234375,545400
2022-05-19,6570.18017578125,6698.27001953125,6456.39990234375,6494.56005859375,561800
2022-05-20,6614.27978515625,6733.7099609375,6369.669921875,6730.509765625,649400
2022-05-23,6664.0,6677.10986328125,6521.33984375,6595.10009765625,505400
2022-05-24,6455.22998046875,6570.0,6378.89990234375,6547.43017578125,543500
2022-05-25,6619.60986328125,6677.509765625,6420.5498046875,6430.52978515625,483300
2022-05-26,6856.2900390625,6894.7099609375,6580.7099609375,6584.22998046875,539400
2022-05-27,7137.759765625,7138.81005859375,6971.6298828125,6973.27978515625,505500
2022-05-31,7042.3798828125,7136.2900390625,6974.85986328125,7136.2900390625,565100
2022-06-01,6976.81005859375,7164.41015625,6907.43017578125,7114.5,429000
2022-06-02,7280.759765625,7285.60986328125,6956.0,6963.5400390625,494200
2022-06-03,7075.81005859375,7200.080078125,7043.39990234375,7131.18994140625,460700
2022-06-06,7089.89990234375,7240.3701171875,7048.669921875,7211.509765625,375200
2022-06-07,7205.8701171875,7220.9599609375,6978.85986328125,7001.8701171875,346500
2022-06-08,7122.27978515625,7239.41015625,7088.31005859375,7184.0,383700
2022-06-09,6913.93017578125,7158.64013671875,6912.64990234375,7061.25,401000
2022-06-10,6606.77001953125,6771.39013671875,6585.0400390625,6744.89990234375,517600
2022-06-13,6209.25,6426.16015625,6191.830078125,6361.580078125,576600
2022-06-14,6243.2900390625,6312.830078125,6180.1201171875,6285.75,414900
2022-06-15,6407.7900390625,6509.72998046875,6256.5400390625,6336.2001953125,476100
2022-06-16,6054.97021484375,6225.66015625,6002.7900390625,6204.60009765625,534000
2022-06-17,6144.5,6195.89990234375,6016.18994140625,6095.0,650700
2022-06-21,6298.52978515625,6386.60986328125,6261.330078125,6267.58984375,456400
2022-06-22,6272.64013671875,6389.14013671875,6206.75,6207.85986328125,422600
2022-06-23,6408.3798828125,6429.35009765625,6258.5,6343.1298828125,438000
2022-06-24,6705.2900390625,6708.2001953125,6497.830078125,6508.830078125,538600
2022-06-27,6627.7998046875,6755.85009765625,6599.39990234375,6737.02001953125,379700
2022-06-28,6398.58984375,6699.93994140625,6392.68017578125,6634.91015625,438600
2022-06-29,6358.35009765625,6404.330078125,6290.2900390625,6363.169921875,392800
2022-06-30,6248.2998046875,6354.8798828125,6134.89013671875,6278.60986328125,508100
2022-07-01,6252.35986328125,6267.990234375,6137.43994140625,6219.60986328125,458400
2022-07-05,6407.35009765625,6408.27001953125,6114.240234375,6147.08984375,467700
2022-07-06,6428.39013671875,6483.97998046875,6355.080078125,6429.93017578125,402100
2022-07-07,6627.60009765625,6645.7001953125,6492.7998046875,6492.7998046875,402400
2022-07-08,6628.7998046875,6679.02001953125,6491.91015625,6510.31005859375,354200
2022-07-11,6450.56982421875,6550.31005859375,6406.77001953125,6529.93994140625,333900
2022-07-12,6329.990234375,6551.1298828125,6290.75,6507.27001953125,397100
2022-07-13,6324.9501953125,6387.27001953125,6162.89013671875,6183.3798828125,376500
2022-07-14,6316.85986328125,6351.85986328125,6151.68017578125,6284.419921875,400300
2022-07-15,6472.72021484375,6474.75,6322.240234375,6390.33984375,400200
2022-07-18,6425.85009765625,6591.580078125,6398.41015625,6561.75,491300
2022-07-19,6668.0,6673.8798828125,6483.56005859375,6534.7099609375,528900
2022-07-20,6877.56982421875,6906.4501953125,6671.3798828125,6698.10009765625,492900
2022-07-21,6988.77001953125,6989.10986328125,6819.52001953125,6879.5,436500
2022-07-22,6818.35986328125,7040.419921875,6776.009765625,6959.52978515625,500600
2022-07-25,6746.169921875,6792.35986328125,6686.39013671875,6782.8701171875,389200
2022-07-26,6549.77001953125,6720.009765625,6526.06982421875,6712.2998046875,435700
2022-07-27,6857.91015625,6899.08984375,6652.0498046875,6701.2900390625,566100
2022-07-28,6953.4599609375,6960.68017578125,6738.56005859375,6832.3798828125,510000
2022-07-29,7032.7900390625,7048.22998046875,6877.06982421875,6899.35009765625,605300
2022-08-01,7061.759765625,7139.18017578125,6923.83984375,6956.9501953125,464700
2022-08-02,7070.60009765625,7156.81005859375,6968.81982421875,6968.81982421875,446100
2022-08-03,7264.66015625,7278.2001953125,7064.77978515625,7066.47021484375,551200
2022-08-04,7277.56005859375,7279.85009765625,7151.14990234375,7213.68994140625,479300
2022-08-05,7286.7099609375,7317.60986328125,7148.0498046875,7148.0498046875,410700
2022-08-08,7261.83984375,7400.56982421875,7225.33984375,7255.2001953125,473300
2022-08-09,7049.68017578125,7161.5498046875,6995.77001953125,7133.2099609375,481500
2022-08-10,7328.39990234375,7339.52978515625,7217.43994140625,7273.58984375,479800
2022-08-11,7259.5,7481.9599609375,7244.58984375,7400.60009765625,0
2022-08-12,7442.35009765625,7443.27001953125,7287.7998046875,7325.5,399600
2022-08-15,7489.93994140625,7508.580078125,7395.5400390625,7405.4599609375,334100
2022-08-16,7413.669921875,7462.0,7312.35986328125,7420.41015625,345400
2022-08-17,7242.75,7310.3701171875,7175.5498046875,7300.60986328125,395200
2022-08-18,7289.56982421875,7322.5400390625,7207.35009765625,7238.330078125,366900
2022-08-19,7079.6298828125,7206.02001953125,7047.580078125,7178.16015625,405100
2022-08-22,6858.10986328125,6979.18017578125,6837.68994140625,6942.0,410200
2022-08-23,6865.5400390625,6973.5498046875,6853.1298828125,6880.4599609375,360500
2022-08-24,6896.5400390625,6943.509765625,6849.6298828125,6881.5498046875,345700
2022-08-25,7060.97021484375,7063.8798828125,6921.25,6940.41015625,395100
2022-08-26,6739.06005859375,7068.31005859375,6736.740234375,7060.89013671875,527100
2022-08-29,6631.77978515625,6755.419921875,6626.56005859375,6667.830078125,397900
2022-08-30,6579.52978515625,6710.43994140625,6499.22998046875,6694.0498046875,440200
2022-08-31,6534.080078125,6676.5400390625,6498.27978515625,6647.75,501700
2022-09-01,6366.7900390625,6394.43994140625,6215.1201171875,6378.7900390625,612800
2022-09-02,6304.0,6495.3798828125,6271.990234375,6444.97998046875,485300
2022-09-06,6238.68994140625,6319.08984375,6198.14013671875,6293.72998046875,434400
2022-09-07,6368.43017578125,6399.39990234375,6214.8798828125,6259.0400390625,438600
2022-09-08,6462.81982421875,6477.41015625,6279.3701171875,6288.41015625,473900
2022-09-09,6685.85009765625,6700.93994140625,6585.31982421875,6585.7900390625,457700
2022-09-12,6758.83984375,6772.830078125,6685.64013671875,6716.47021484375,453500
2022-09-13,6361.66015625,6530.43017578125,6348.02978515625,6477.2099609375,648300
2022-09-14,6395.7998046875,6431.31005859375,6321.419921875,6396.47021484375,491900
2022-09-15,6256.080078125,6417.7001953125,6220.4599609375,6313.22021484375,541300
2022-09-16,6181.009765625,6191.1201171875,6088.85986328125,6156.56005859375,769900
2022-09-19,6223.6201171875,6232.06982421875,6119.669921875,6119.81005859375,435900
2022-09-20,6142.52001953125,6205.2998046875,6107.509765625,6166.75,449100
2022-09-21,6052.1201171875,6312.0400390625,6051.22021484375,6168.27978515625,556500
2022-09-22,5917.39990234375,6042.10009765625,5901.89013671875,6011.2900390625,551800
2022-09-23,5838.35986328125,5885.77978515625,5755.14990234375,5870.0,555700
2022-09-26,5776.5498046875,5937.33984375,5772.68017578125,5847.06005859375,495800
2022-09-27,5825.0,5926.56982421875,5747.77001953125,5887.68994140625,497800
2022-09-28,5946.43017578125,5971.4599609375,5799.759765625,5813.6201171875,554100
2022-09-29,5813.06982421875,5864.33984375,5744.56005859375,5846.7998046875,575700
2022-09-30,5723.830078125,5916.52001953125,5721.7998046875,5786.2001953125,578200
2022-10-03,5909.85986328125,5954.64990234375,5761.52001953125,5792.89990234375,540200
2022-10-04,6130.419921875,6149.3701171875,6069.7998046875,6087.419921875,522000
2022-10-05,6162.9599609375,6205.18994140625,5972.89990234375,6026.56005859375,451200
2022-10-06,6120.18017578125,6229.72998046875,6097.2099609375,6156.009765625,464300
2022-10-07,5811.33984375,5981.2099609375,5783.85986328125,5958.77978515625,639600
2022-10-10,5636.47998046875,5808.97998046875,5578.64990234375,5805.35986328125,527500
2022-10-11,5484.990234375,5598.35986328125,5431.0400390625,5574.2900390625,598900
2022-10-12,5456.5,5518.97021484375,5417.31005859375,5486.509765625,468300
2022-10-13,5558.240234375,5610.080078125,5198.43017578125,5240.490234375,0
2022-10-14,5350.93017578125,5633.2998046875,5343.22998046875,5624.56005859375,0
2022-10-17,5545.60009765625,5581.60009765625,5516.72998046875,5539.27978515625,509400
2022-10-18,5610.14013671875,5751.33984375,5536.08984375,5737.0498046875,551600
2022-10-19,5571.3798828125,5651.009765625,5526.990234375,5560.77001953125,430600
2022-10-20,5598.3798828125,5750.06982421875,5563.22021484375,5600.02001953125,470000
2022-10-21,5734.35986328125,5745.2998046875,5521.10986328125,5563.080078125,568600
2022-10-24,5762.6201171875,5781.66015625,5611.740234375,5733.60009765625,520900
2022-10-25,5924.919921875,5929.0498046875,5812.7099609375,5812.7099609375,506700
2022-10-26,5810.77001953125,5972.18994140625,5757.89990234375,5775.66015625,698700
2022-10-27,5734.7998046875,5881.5498046875,5728.080078125,5852.240234375,805300
2022-10-28,5903.85986328125,5911.43017578125,5725.27001953125,5740.18017578125,731900
2022-10-31,5821.6201171875,5874.740234375,5787.47998046875,5857.740234375,601900
2022-11-01,5796.60009765625,5957.2998046875,5789.509765625,5946.5498046875,574700
2022-11-02,5548.81982421875,5861.25,5548.009765625,5831.8701171875,732300
2022-11-03,5392.93017578125,5507.58984375,5366.06005859375,5430.35986328125,667600
2022-11-04,5425.0,5502.41015625,5303.27001953125,5502.41015625,714400
2022-11-07,5534.64990234375,5548.52978515625,5401.6201171875,5473.8701171875,537700
2022-11-08,5629.2900390625,5720.509765625,5530.14013671875,5605.18994140625,539000
2022-11-09,5470.85009765625,5560.3798828125,5462.77978515625,5553.259765625,536800
2022-11-10,6045.31005859375,6051.3798828125,5797.68994140625,5845.89990234375,775700
2022-11-11,6262.31005859375,6292.43017578125,6015.68994140625,6048.919921875,632400
2022-11-14,6165.009765625,6265.330078125,6143.7001953125,6217.330078125,530600
2022-11-15,6344.14013671875,6417.52001953125,6262.08984375,6404.52001953125,595800
2022-11-16,6121.2001953125,6235.33984375,6097.02001953125,6221.14013671875,484800
2022-11-17,6078.7099609375,6121.259765625,5958.7998046875,5968.0400390625,486500
2022-11-18,6059.43994140625,6185.18017578125,6001.18017578125,6184.919921875,466300
2022-11-21,5965.14990234375,6017.56005859375,5943.31005859375,5988.68994140625,0
2022-11-22,6072.85009765625,6075.6298828125,5916.52978515625,5982.25,0
2022-11-23,6150.58984375,6174.08984375,6050.22998046875,6051.39013671875,378500
2022-11-25,6092.72998046875,6129.7099609375,6092.72998046875,6104.9501953125,177100
2022-11-28,5978.93994140625,6104.8798828125,5953.2099609375,6040.81982421875,383300
2022-11-29,5940.89013671875,6009.31005859375,5916.35009765625,5994.259765625,364300
2022-11-30,6252.47998046875,6253.419921875,5912.31982421875,5931.009765625,726000
2022-12-01,6327.919921875,6376.66015625,6235.3798828125,6297.08984375,482500
2022-12-02,6233.759765625,6251.0400390625,6133.97998046875,6152.08984375,435700
2022-12-05,6094.490234375,6213.58984375,6053.580078125,6196.64990234375,400300
2022-12-06,5964.68994140625,6093.6201171875,5923.1201171875,6089.1201171875,412200
2022-12-07,5942.3798828125,5988.0400390625,5898.4501953125,5935.580078125,393100
2022-12-08,6084.18994140625,6107.169921875,5941.56005859375,5972.509765625,428400
2022-12-09,6057.02001953125,6141.2900390625,6034.97021484375,6072.27978515625,421000
2022-12-12,6189.580078125,6190.5498046875,6040.72998046875,6045.18017578125,449800
2022-12-13,6309.91015625,6509.490234375,6234.06982421875,6494.25,612000
2022-12-14,6249.52978515625,6386.02001953125,6180.89013671875,6312.3798828125,491200
2022-12-15,6006.02978515625,6161.83984375,5985.35986328125,6142.10009765625,526900
2022-12-16,5970.97021484375,6034.2099609375,5926.39990234375,5987.18017578125,841100
2022-12-19,5865.1298828125,5960.93994140625,5825.759765625,5954.31982421875,436100
2022-12-20,5862.81982421875,5899.830078125,5789.9501953125,5801.47021484375,420200
2022-12-21,5949.47021484375,5977.35009765625,5839.64013671875,5868.56982421875,396300
2022-12-22,5737.919921875,5843.3798828125,5637.81005859375,5838.18017578125,528100
2022-12-23,5735.31982421875,5739.6298828125,5645.419921875,5695.919921875,332200
2022-12-27,5662.56982421875,5706.0400390625,5628.580078125,5698.10009765625,334400
2022-12-28,5582.56982421875,5691.85986328125,5567.60009765625,5638.6298828125,339600
2022-12-29,5765.56005859375,5779.85986328125,5633.14990234375,5652.58984375,355900
2022-12-30,5751.759765625,5754.009765625,5652.52978515625,5674.85009765625,334700
2023-01-03,5713.330078125,5880.47998046875,5666.97021484375,5855.06005859375,441800
2023-01-04,5801.0,5844.7001953125,5728.25,5811.740234375,477300
2023-01-05,5647.490234375,5725.18994140625,5642.31005859375,5714.31005859375,441700
2023-01-06,5828.47998046875,5855.14013671875,5615.7900390625,5705.3701171875,504900
2023-01-09,5930.7998046875,6040.89990234375,5898.06005859375,5917.8701171875,455500
2023-01-10,5970.0,5973.47021484375,5867.27978515625,5899.81982421875,372500
2023-01-11,6066.5,6068.02978515625,5945.14013671875,5985.85009765625,386100
2023-01-12,6111.509765625,6137.27001953125,5959.35986328125,6077.68994140625,453600
2023-01-13,6150.89990234375,6155.740234375,6044.35009765625,6044.35009765625,369000
2023-01-17,6176.47998046875,6194.5,6110.27001953125,6125.8798828125,405800
2023-01-18,6091.2998046875,6284.72998046875,6088.06005859375,6239.83984375,399300
2023-01-19,6000.509765625,6081.0400390625,5982.27001953125,6047.27978515625,409300
2023-01-20,6206.22021484375,6211.72998046875,6030.83984375,6045.740234375,518400
2023-01-23,6418.56982421875,6429.6201171875,6216.52978515625,6228.759765625,530200
2023-01-24,6372.9599609375,6428.2001953125,6343.83984375,6363.08984375,395000
2023-01-25,6356.2099609375,6374.93017578125,6176.33984375,6234.0,460800
2023-01-26,6525.35986328125,6528.85986328125,6381.740234375,6461.93017578125,427300
2023-01-27,6530.60009765625,6576.97998046875,6428.6298828125,6430.25,567600
2023-01-30,6363.259765625,6466.6298828125,6362.60986328125,6434.2001953125,439900
2023-01-31,6484.27978515625,6485.5498046875,6359.77001953125,6368.18017578125,450600
2023-02-01,6759.06982421875,6810.72998046875,6501.330078125,6507.08984375,636500
2023-02-02,6999.10986328125,7060.89990234375,6887.60009765625,6933.75,779800
2023-02-03,6823.52978515625,6962.75,6792.22021484375,6792.5,653400
2023-02-06,6710.16015625,6805.93994140625,6687.5,6714.58984375,433200
2023-02-07,6912.81005859375,6941.83984375,6695.22021484375,6720.18994140625,567000
2023-02-08,6792.72998046875,6952.02001953125,6783.830078125,6915.85009765625,580500
2023-02-09,6763.830078125,6935.39990234375,6730.3798828125,6907.89013671875,592100
2023-02-10,6674.580078125,6711.14990234375,6608.10986328125,6688.56005859375,444400
2023-02-13,6784.27978515625,6799.3701171875,6668.39013671875,6716.240234375,447100
2023-02-14,6909.06982421875,6928.43994140625,6714.5,6735.81005859375,470600
2023-02-15,6981.9599609375,6983.419921875,6835.68994140625,6882.43994140625,416200
2023-02-16,6783.919921875,6898.35009765625,6777.75,6818.5400390625,440700
2023-02-17,6682.68994140625,6740.06982421875,6620.64013671875,6721.2900390625,398500
2023-02-21,6494.7900390625,6627.25,6489.85009765625,6568.89013671875,458500
2023-02-22,6533.83984375,6590.330078125,6493.580078125,6539.419921875,452700
2023-02-23,6669.85986328125,6697.2998046875,6557.18017578125,6695.85986328125,536900
2023-02-24,6529.77001953125,6572.14013671875,6491.509765625,6522.8798828125,422000
2023-02-27,6572.330078125,6649.509765625,6564.0498046875,6622.06005859375,352800
2023-02-28,6594.16015625,6658.6298828125,6567.85009765625,6575.1201171875,440000
2023-03-01,6552.7001953125,6651.490234375,6542.89990234375,6606.33984375,393400
2023-03-02,6646.83984375,6669.2001953125,6479.56982421875,6490.0498046875,405900
2023-03-03,6736.68994140625,6745.259765625,6613.4599609375,6629.77978515625,484000
2023-03-06,6707.66015625,6830.68017578125,6700.830078125,6763.85009765625,449500
2023-03-07,6623.64013671875,6749.64013671875,6603.8798828125,6709.740234375,427900
2023-03-08,6713.39990234375,6723.93017578125,6626.81005859375,6654.9501953125,425100
2023-03-09,6562.77001953125,6790.35986328125,6553.35009765625,6699.2001953125,459500
2023-03-10,6432.2900390625,6599.02001953125,6404.7998046875,6568.75,518000
2023-03-13,6466.72998046875,6544.47998046875,6320.7998046875,6361.6201171875,519400
2023-03-14,6632.83984375,6644.0498046875,6540.68017578125,6569.39013671875,501900
2023-03-15,6609.419921875,6623.56005859375,6499.669921875,6557.56982421875,568100
2023-03-16,6831.419921875,6841.6298828125,6589.47021484375,6590.52978515625,683800
2023-03-17,6785.47998046875,6883.4501953125,6746.259765625,6823.75,801900
2023-03-20,6783.6201171875,6795.6298828125,6696.43017578125,6754.9599609375,502600
2023-03-21,6861.56982421875,6884.02978515625,6766.759765625,6831.56005859375,525400
2023-03-22,6738.60986328125,6972.8701171875,6736.080078125,6855.66015625,548000
2023-03-23,6900.72021484375,6985.830078125,6812.35009765625,6847.68017578125,510200
2023-03-24,6831.22998046875,6870.56005859375,6756.9599609375,6862.68994140625,444200
2023-03-27,6779.43017578125,6880.60009765625,6753.169921875,6847.7900390625,379400
2023-03-28,6737.3798828125,6767.06982421875,6673.7998046875,6767.0400390625,375700
2023-03-29,6907.47998046875,6929.759765625,6818.77001953125,6834.0498046875,470000
2023-03-30,7006.7099609375,7040.81005859375,6965.25,6983.91015625,427200
2023-03-31,7129.2001953125,7133.35009765625,6985.56982421875,6988.64013671875,472700
2023-04-03,7064.56005859375,7086.91015625,7002.2998046875,7065.47998046875,389100
2023-04-04,6992.2900390625,7089.8798828125,6963.56982421875,7083.990234375,367700
2023-04-05,6843.2099609375,6941.39990234375,6794.18994140625,6937.27001953125,402600
2023-04-06,6851.3798828125,6870.4501953125,6732.3701171875,6777.85009765625,394500
2023-04-10,6913.740234375,6916.8798828125,6772.2998046875,6786.990234375,367200
2023-04-11,6886.25,6931.93017578125,6870.830078125,6913.419921875,334800
2023-04-12,6806.47021484375,6965.77001953125,6799.31005859375,6947.419921875,375000
2023-04-13,6912.85009765625,6932.89990234375,6833.5498046875,6835.759765625,368200
2023-04-14,6887.8701171875,6948.39990234375,6815.1298828125,6873.509765625,323100
2023-04-17,6886.91015625,6889.02978515625,6821.64013671875,6842.93994140625,338500
2023-04-18,6889.75,6972.02001953125,6855.58984375,6958.02978515625,339500
2023-04-19,6836.02978515625,6856.830078125,6795.08984375,6808.14013671875,294800
2023-04-20,6800.490234375,6879.7998046875,6767.7001953125,6767.7001953125,362500
2023-04-21,6773.2998046875,6798.7099609375,6719.27978515625,6780.0498046875,335300
2023-04-24,6734.72998046875,6794.330078125,6688.47021484375,6767.2998046875,316500
2023-04-25,6494.2099609375,6661.97998046875,6493.58984375,6659.33984375,427200
2023-04-26,6554.419921875,6634.35986328125,6531.9501953125,6585.43017578125,480800
2023-04-27,6666.490234375,6679.2099609375,6552.9501953125,6621.4599609375,530300
2023-04-28,6714.22021484375,6715.009765625,6623.16015625,6660.72021484375,466300
2023-05-01,6722.08984375,6739.4501953125,6685.39013671875,6699.58984375,391900
2023-05-02,6641.60986328125,6731.89990234375,6606.91015625,6725.0400390625,391900
2023-05-03,6591.669921875,6698.27978515625,6587.919921875,6634.080078125,451700
2023-05-04,6607.9599609375,6664.25,6579.2900390625,6589.31982421875,479200
2023-05-05,6712.39990234375,6732.25,6610.6298828125,6614.47021484375,493000
2023-05-08,6762.169921875,6768.990234375,6694.10009765625,6750.10986328125,396300
2023-05-09,6702.68994140625,6735.0400390625,6690.7099609375,6709.66015625,380400
2023-05-10,6805.91015625,6829.509765625,6743.1201171875,6786.4501953125,497100
2023-05-11,6784.06005859375,6816.35986328125,6739.02978515625,6814.2900390625,470400
2023-05-12,6777.35986328125,6801.56982421875,6720.52978515625,6791.75,344900
2023-05-15,6928.5498046875,6928.759765625,6775.22021484375,6781.02978515625,356800
2023-05-16,6901.33984375,6948.259765625,6893.06982421875,6893.18994140625,412700
2023-05-17,7035.5,7049.89990234375,6901.02978515625,6937.41015625,428700
2023-05-18,7225.4599609375,7233.72998046875,7060.43994140625,7062.14013671875,507700
2023-05-19,7206.240234375,7234.6298828125,7174.27978515625,7225.919921875,437200
2023-05-22,7267.81982421875,7290.490234375,7178.7900390625,7187.22021484375,416400
2023-05-23,7152.009765625,7249.8701171875,7149.7998046875,7211.39013671875,418400
2023-05-24,7082.27978515625,7115.7998046875,7035.8798828125,7058.9599609375,422200
2023-05-25,7334.66015625,7359.9599609375,7196.02978515625,7266.81005859375,725700
2023-05-26,7700.759765625,7725.9501953125,7459.7099609375,7463.2900390625,691900
2023-05-30,7716.56982421875,7868.919921875,7678.06982421875,7846.2099609375,617700
2023-05-31,7643.0498046875,7702.10986328125,7601.0498046875,7628.85009765625,787200
2023-06-01,7727.9599609375,7792.72998046875,7577.0498046875,7604.72998046875,504800
2023-06-02,7758.52001953125,7835.9599609375,7712.1201171875,7815.490234375,419300
2023-06-05,7736.64013671875,7780.919921875,7661.56982421875,7735.58984375,485900
2023-06-06,7791.7900390625,7836.9599609375,7697.14990234375,7713.490234375,418600
2023-06-07,7633.25,7846.02001953125,7616.02001953125,7827.240234375,521500
2023-06-08,7722.7998046875,7743.22998046875,7629.419921875,7634.8798828125,405700
2023-06-09,7742.9501953125,7852.35009765625,7701.77978515625,7791.669921875,0
2023-06-12,7955.169921875,7957.2099609375,7801.43994140625,7806.31982421875,451900
2023-06-13,8048.759765625,8078.1201171875,7960.419921875,8067.72021484375,500400
2023-06-14,8101.0,8102.10986328125,7962.68994140625,8019.16015625,511800
2023-06-15,8164.64013671875,8205.7998046875,8034.240234375,8044.06982421875,519400
2023-06-16,8081.740234375,8232.25,8077.58984375,8227.48046875,775200
2023-06-20,8007.08984375,8080.68017578125,7939.93994140625,8025.31005859375,426900
2023-06-21,7818.080078125,7990.5,7814.22021484375,7978.08984375,468200
2023-06-22,7876.43994140625,7885.18994140625,7754.6298828125,7758.919921875,386700
2023-06-23,7763.60986328125,7805.56982421875,7718.330078125,7754.56982421875,501600
2023-06-26,7746.330078125,7887.27001953125,7744.85009765625,7778.5,415500
2023-06-27,7970.22021484375,7987.77978515625,7773.9501953125,7785.85986328125,417400
2023-06-28,7954.43994140625,8014.0,7888.41015625,7901.2099609375,406400
2023-06-29,7937.72998046875,7966.25,7887.10009765625,7966.14990234375,384400
2023-06-30,8048.89990234375,8078.740234375,8006.39990234375,8013.27978515625,439600
2023-07-03,8073.740234375,8079.990234375,8009.8798828125,8056.14013671875,207900
2023-07-05,7995.85009765625,8055.5400390625,7990.009765625,8016.77001953125,355800
2023-07-06,7882.22998046875,7888.27978515625,7795.27978515625,7872.4599609375,379900
2023-07-07,7884.1201171875,7983.68994140625,7872.919921875,7885.72021484375,332200
2023-07-10,8054.85009765625,8059.77978515625,7892.52978515625,7892.93017578125,434500
2023-07-11,8075.31982421875,8095.7099609375,7981.490234375,8084.02001953125,357100
2023-07-12,8142.2900390625,8193.8896484375,8081.7900390625,8192.1396484375,460200
2023-07-13,8326.9501953125,8340.91015625,8215.76953125,8223.009765625,419100
2023-07-14,8286.7099609375,8399.2197265625,8262.2099609375,8331.490234375,447300
2023-07-17,8442.150390625,8474.650390625,8265.509765625,8283.08984375,403700
2023-07-18,8474.9501953125,8500.01953125,8359.6201171875,8417.5302734375,426900
2023-07-19,8441.7802734375,8537.66015625,8413.8798828125,8516.1396484375,444700
2023-07-20,8155.169921875,8366.419921875,8134.27001953125,8334.58984375,477000
2023-07-21,8212.5703125,8289.490234375,8188.9501953125,8236.7900390625,735000
2023-07-24,8200.7197265625,8252.830078125,8150.3701171875,8232.76953125,347600
2023-07-25,8323.080078125,8361.5498046875,8250.75,8250.75,371000
2023-07-26,8271.0498046875,8321.8896484375,8204.8701171875,8242.9697265625,478100
2023-07-27,8351.01953125,8525.1796875,8311.6103515625,8467.76953125,534000
2023-07-28,8522.9697265625,8535.5400390625,8443.0,8480.5498046875,467700
2023-07-31,8587.41015625,8616.6904296875,8542.6904296875,8569.580078125,370200
2023-08-01,8597.3603515625,8615.0498046875,8496.2001953125,8523.76953125,333300
2023-08-02,8256.740234375,8459.23046875,8204.650390625,8459.23046875,0
2023-08-03,8263.0595703125,8299.0,8173.22998046875,8187.22021484375,395200
2023-08-04,8171.31005859375,8294.2197265625,8135.68017578125,8248.5595703125,0
2023-08-07,8226.759765625,8239.7099609375,8147.89013671875,8222.080078125,397500
2023-08-08,8075.64990234375,8087.60986328125,7970.919921875,8042.259765625,412600
2023-08-09,7974.85986328125,8084.759765625,7943.7900390625,8077.41015625,385100
2023-08-10,8004.93017578125,8165.580078125,7953.93017578125,8070.81005859375,367600
2023-08-11,7886.56982421875,7962.9501953125,7866.759765625,7903.169921875,356400
2023-08-14,8034.490234375,8034.9599609375,7834.39990234375,7839.509765625,389200
2023-08-15,7905.43017578125,8007.419921875,7889.68994140625,7992.9501953125,347600
2023-08-16,7795.5498046875,7922.7001953125,7793.81005859375,7893.18017578125,360100
2023-08-17,7705.6298828125,7842.72021484375,7695.5400390625,7842.52001953125,403400
2023-08-18,7732.52001953125,7759.06982421875,7601.7998046875,7610.97998046875,420500
2023-08-21,7915.81982421875,7930.85986328125,7804.169921875,7805.919921875,417200
2023-08-22,7874.0498046875,7990.0,7854.5400390625,7989.85009765625,351500
2023-08-23,8020.14013671875,8046.330078125,7866.990234375,7868.08984375,392700
2023-08-24,7796.56982421875,8135.5,7792.2900390625,8135.169921875,534000
2023-08-25,7896.52001953125,7924.490234375,7729.81005859375,7803.259765625,455600
2023-08-28,7951.0,7984.080078125,7901.41015625,7952.4599609375,341500
2023-08-29,8163.89013671875,8175.43017578125,7940.3701171875,7946.259765625,437800
2023-08-30,8231.3095703125,8243.08984375,8125.169921875,8157.89990234375,409500
2023-08-31,8323.5,8353.8203125,8250.9501953125,8251.080078125,465200
2023-09-01,8373.5302734375,8405.900390625,8317.240234375,8378.3798828125,344900
2023-09-05,8402.3095703125,8438.3701171875,8313.26953125,8334.080078125,355300
2023-09-06,8376.8603515625,8444.3203125,8307.169921875,8368.419921875,375900
2023-09-07,8280.900390625,8300.6298828125,8181.990234375,8229.8896484375,486100
2023-09-08,8264.26953125,8319.580078125,8240.26953125,8269.1396484375,373700
2023-09-11,8339.6298828125,8351.7001953125,8244.3798828125,8339.7001953125,363100
2023-09-12,8221.599609375,8348.6904296875,8221.2998046875,8256.1796875,375400
2023-09-13,8243.2099609375,8303.2998046875,8211.669921875,8221.8603515625,354800
2023-09-14,8304.0,8328.3701171875,8216.2099609375,8304.9501953125,344000
2023-09-15,8087.27978515625,8252.240234375,8054.02001953125,8244.23046875,637000
2023-09-18,8126.2001953125,8145.7998046875,8041.10986328125,8042.31982421875,340200
2023-09-19,8077.7998046875,8094.06982421875,7999.14990234375,8080.509765625,327700
2023-09-20,7955.83984375,8138.35986328125,7954.77001953125,8095.81982421875,378100
2023-09-21,7794.93994140625,7909.25,7793.509765625,7862.60986328125,0
2023-09-22,7855.830078125,7935.81005859375,7832.35009765625,7852.2001953125,0
2023-09-25,7877.509765625,7878.52001953125,7786.47998046875,7810.830078125,296000
2023-09-26,7753.669921875,7835.22998046875,7723.1201171875,7822.5498046875,364600
2023-09-27,7812.89013671875,7864.43017578125,7714.02001953125,7808.7998046875,396000
2023-09-28,7901.66015625,7968.27001953125,7737.4599609375,7758.41015625,416000
2023-09-29,7939.240234375,8061.9599609375,7923.89013671875,8021.27001953125,379100
2023-10-02,7997.330078125,8046.14013671875,7925.259765625,7955.8701171875,328000
2023-10-03,7800.080078125,8006.2001953125,7760.52978515625,7927.3798828125,368500
2023-10-04,7907.02001953125,7925.35986328125,7799.85986328125,7842.1201171875,355600
2023-10-05,7873.2900390625,7911.0498046875,7784.669921875,7904.43994140625,322600
2023-10-06,8093.7001953125,8125.10986328125,7798.7900390625,7821.5,406300
2023-10-09,8126.18017578125,8145.240234375,7998.18994140625,8028.02001953125,303100
2023-10-10,8216.1298828125,8281.490234375,8139.759765625,8149.4501953125,333000
2023-10-11,8259.8095703125,8287.6796875,8187.0400390625,8246.2998046875,335200
2023-10-12,8223.8203125,8341.240234375,8162.27978515625,8274.3203125,381000
2023-10-13,8074.41015625,8240.4501953125,8043.64013671875,8238.349609375,365900
2023-10-16,8179.33984375,8211.490234375,8099.39013671875,8102.43994140625,329000
2023-10-17,8167.06982421875,8212.7099609375,8035.2900390625,8055.22021484375,379900
2023-10-18,8048.35009765625,8136.330078125,8025.169921875,8076.080078125,364300
2023-10-19,7946.52978515625,8116.669921875,7923.47998046875,8113.5,393800
2023-10-20,7801.0,7957.72998046875,7782.72021484375,7932.60009765625,407000
2023-10-23,7784.72998046875,7891.2998046875,7689.4599609375,7761.85986328125,382000
2023-10-24,7884.52001953125,7909.240234375,7793.3701171875,7834.60986328125,389100
2023-10-25,7599.6298828125,7806.5400390625,7582.56005859375,7800.580078125,539100
2023-10-26,7528.81982421875,7691.18994140625,7485.81005859375,7623.7900390625,529700
2023-10-27,7579.22021484375,7648.56982421875,7553.419921875,7616.580078125,466600
2023-10-30,7548.64990234375,7610.169921875,7494.64013671875,7575.56005859375,403400
2023-10-31,7610.080078125,7622.2998046875,7484.5498046875,7568.77001953125,397700
2023-11-01,7715.47998046875,7720.81982421875,7584.52001953125,7632.18017578125,512200
2023-11-02,7838.18994140625,7854.22998046875,7759.10986328125,7836.64013671875,451000
2023-11-03,7976.9599609375,8019.490234375,7820.89990234375,7825.1298828125,468000
2023-11-06,7946.66015625,8003.1201171875,7873.97021484375,7995.72998046875,360900
2023-11-07,8103.4501953125,8148.669921875,7999.2998046875,8037.2001953125,406300
2023-11-08,8121.16015625,8156.39990234375,8070.7998046875,8107.64990234375,344800
2023-11-09,8065.14013671875,8223.919921875,8055.1298828125,8158.97998046875,423000
2023-11-10,8323.830078125,8331.580078125,8104.759765625,8116.2998046875,427400
2023-11-13,8289.8798828125,8314.169921875,8232.0703125,8272.150390625,310100
2023-11-14,8562.4697265625,8578.6103515625,8460.0,8466.3603515625,432600
2023-11-15,8575.2998046875,8657.75,8543.6396484375,8617.76953125,399400
2023-11-16,8579.099609375,8600.9501953125,8510.2998046875,8513.599609375,443700
2023-11-17,8619.830078125,8637.6103515625,8549.1904296875,8549.1904296875,393600
2023-11-20,8758.75,8780.8603515625,8639.08984375,8639.6298828125,395600
2023-11-21,8671.4501953125,8709.259765625,8631.9501953125,8684.990234375,357900
2023-11-22,8672.3798828125,8781.1103515625,8662.7900390625,8718.3701171875,372700
2023-11-24,8692.099609375,8693.01953125,8643.599609375,8653.830078125,166700
2023-11-27,8677.0302734375,8743.48046875,8642.8603515625,8662.5498046875,334300
2023-11-28,8739.9599609375,8753.150390625,8661.150390625,8661.83984375,346600
2023-11-29,8874.26953125,8963.509765625,8863.58984375,8872.3203125,380200
2023-11-30,8850.4697265625,8924.8095703125,8765.490234375,8898.3095703125,476800
2023-12-01,8878.9404296875,8883.240234375,8759.919921875,8797.75,381700
2023-12-04,8767.8203125,8791.240234375,8637.8798828125,8785.58984375,406500
2023-12-05,8749.08984375,8750.91015625,8665.5400390625,8690.51953125,347800
2023-12-06,8686.9404296875,8830.0302734375,8679.900390625,8824.41015625,332400
2023-12-07,8847.0,8861.900390625,8719.4404296875,8740.3896484375,465800
2023-12-08,8887.0703125,8906.6396484375,8790.7998046875,8794.33984375,405000
2023-12-11,9095.48046875,9119.73046875,8927.9599609375,8930.9404296875,507100
2023-12-12,9184.73046875,9186.7900390625,9061.5498046875,9067.740234375,437600
2023-12-13,9311.25,9336.3095703125,9161.580078125,9205.509765625,435300
2023-12-14,9404.6796875,9463.0400390625,9317.419921875,9372.7998046875,561200
2023-12-15,9483.8603515625,9544.6201171875,9439.6298828125,9461.76953125,760500
2023-12-18,9475.25,9497.6904296875,9419.259765625,9479.1103515625,381700
2023-12-19,9514.8603515625,9528.8095703125,9481.4599609375,9481.4599609375,375500
2023-12-20,9344.419921875,9536.009765625,9343.259765625,9464.98046875,433000
2023-12-21,9523.1904296875,9533.669921875,9438.080078125,9483.740234375,369100
2023-12-22,9566.5595703125,9590.66015625,9502.6298828125,9586.330078125,294700
2023-12-26,9661.8203125,9678.7099609375,9595.7802734375,9599.4296875,275100
2023-12-27,9660.16015625,9697.08984375,9629.1103515625,9683.4501953125,302800
2023-12-28,9650.400390625,9681.9404296875,9645.990234375,9680.6396484375,263400
2023-12-29,9587.919921875,9662.169921875,9544.3203125,9637.25,304200
2024-01-02,9286.98046875,9462.16015625,9231.6298828125,9446.3701171875,443100
2024-01-03,9152.490234375,9219.830078125,9137.9296875,9141.419921875,372600
2024-01-04,9098.91015625,9168.7802734375,9066.849609375,9066.849609375,407200
2024-01-05,9122.26953125,9197.6201171875,9090.3603515625,9096.98046875,384600
2024-01-08,9382.0400390625,9384.849609375,9180.849609375,9181.6904296875,435100
2024-01-09,9431.26953125,9472.599609375,9298.8798828125,9299.150390625,408400
2024-01-10,9488.7197265625,9512.8896484375,9373.6796875,9449.650390625,381400
2024-01-11,9539.0595703125,9575.0595703125,9389.3095703125,9530.490234375,400000
2024-01-12,9534.169921875,9601.1396484375,9498.599609375,9558.3896484375,317800
2024-01-16,9562.1396484375,9607.2099609375,9467.73046875,9491.419921875,470800
2024-01-17,9485.009765625,9493.3603515625,9335.3203125,9477.740234375,424100
2024-01-18,9658.9697265625,9668.9599609375,9548.1904296875,9648.5,530500
2024-01-19,9921.76953125,9923.7802734375,9714.26953125,9728.8701171875,588200
2024-01-22,9994.599609375,10076.1201171875,9957.4501953125,10029.8203125,496800
2024-01-23,10035.0302734375,10040.7099609375,9936.330078125,10012.48046875,369400
2024-01-24,10103.1201171875,10224.1201171875,10086.7998046875,10148.650390625,523700
2024-01-25,10092.349609375,10236.41015625,10044.75,10232.5,527400
2024-01-26,9947.7099609375,10038.900390625,9935.58984375,9969.6298828125,513900
2024-01-29,10077.2900390625,10077.91015625,9949.51953125,9964.5703125,438500
2024-01-30,9974.8203125,10065.830078125,9943.259765625,10034.650390625,468500
2024-01-31,9797.6796875,9950.58984375,9758.0703125,9801.8095703125,599900
2024-02-01,9888.8603515625,9910.080078125,9782.08984375,9845.23046875,0
2024-02-02,10021.7197265625,10044.3896484375,9860.1103515625,9876.650390625,0
2024-02-05,10017.66015625,10055.419921875,9910.2197265625,10038.919921875,0
2024-02-06,9966.25,10068.7802734375,9866.7900390625,10067.23046875,0
2024-02-07,10145.01953125,10167.0,10016.58984375,10062.259765625,0
2024-02-08,10256.2998046875,10296.259765625,10155.0595703125,10166.7802734375,0
2024-02-09,10435.1201171875,10467.3095703125,10304.2802734375,10332.9296875,0
2024-02-12,10371.7099609375,10506.2998046875,10354.0498046875,10421.6103515625,0
2024-02-13,10154.5,10259.5595703125,10027.3603515625,10027.3603515625,0
2024-02-14,10347.8701171875,10351.1201171875,10233.8203125,10283.900390625,0
2024-02-15,10342.7197265625,10399.650390625,10287.5,10387.8603515625,0
2024-02-16,10225.0302734375,10373.4599609375,10201.8896484375,10345.8603515625,0
2024-02-20,10122.2998046875,10191.3701171875,9987.2802734375,10150.830078125,0
2024-02-21,9939.3896484375,9940.76953125,9826.7900390625,9850.41015625,0
2024-02-22,10306.1796875,10335.2998046875,10217.740234375,10292.080078125,0
2024-02-23,10265.7099609375,10384.919921875,10232.5595703125,10359.08984375,0
2024-02-26,10329.919921875,10389.4296875,10282.669921875,10313.8701171875,0
2024-02-27,10347.509765625,10422.419921875,10315.009765625,10370.900390625,0
2024-02-28,10257.580078125,10295.9501953125,10228.16015625,10260.099609375,0
2024-02-29,10411.7802734375,10427.2802734375,10276.48046875,10352.3095703125,0
2024-03-01,10606.23046875,10636.8095703125,10422.4404296875,10452.330078125,0
2024-03-04,10606.419921875,10670.76953125,10579.76953125,10638.1201171875,0
2024-03-05,10332.759765625,10489.51953125,10255.240234375,10480.400390625,0
2024-03-06,10475.5400390625,10566.6298828125,10407.91015625,10542.009765625,0
2024-03-07,10686.650390625,10719.26953125,10530.2197265625,10568.5703125,0
2024-03-08,10415.330078125,10724.919921875,10408.5302734375,10672.330078125,0
2024-03-11,10359.6396484375,10387.099609375,10254.669921875,10335.1396484375,0
2024-03-12,10530.349609375,10532.8798828125,10337.08984375,10449.83984375,0
2024-03-13,10391.8603515625,10475.08984375,10361.1904296875,10466.6298828125,0
2024-03-14,10298.419921875,10418.419921875,10226.4599609375,10401.4296875,0
2024-03-15,10146.990234375,10242.5400390625,10141.2802734375,10229.6396484375,0
2024-03-18,10221.2099609375,10301.5,10212.740234375,10277.080078125,0
2024-03-19,10224.5703125,10240.6796875,10067.2802734375,10127.83984375,0
2024-03-20,10372.6201171875,10390.1396484375,10199.5400390625,10271.41015625,0
2024-03-21,10472.4404296875,10595.6396484375,10465.0,10563.240234375,0
2024-03-22,10444.169921875,10491.33984375,10377.0498046875,10443.1904296875,0
2024-03-25,10388.2197265625,10441.830078125,10320.150390625,10338.669921875,0
2024-03-26,10373.650390625,10467.23046875,10372.0703125,10426.5400390625,0
2024-03-27,10427.400390625,10465.76953125,10324.4599609375,10465.01953125,0
2024-03-28,10420.330078125,10470.009765625,10402.6103515625,10421.240234375,0
2024-04-01,10463.7001953125,10549.3798828125,10422.83984375,10449.150390625,0
2024-04-02,10348.490234375,10361.9697265625,10253.349609375,10300.0595703125,0
2024-04-03,10372.259765625,10434.5302734375,10277.01953125,10281.75,0
2024-04-04,10172.509765625,10520.8203125,10170.7099609375,10500.740234375,0
2024-04-05,10306.5703125,10360.4599609375,10182.48046875,10213.7998046875,0
2024-04-08,10309.01953125,10356.0498046875,10249.6796875,10330.400390625,0
2024-04-09,10400.3203125,10416.740234375,10278.8896484375,10391.0595703125,0
2024-04-10,10243.23046875,10307.900390625,10193.3203125,10241.2998046875,0
2024-04-11,10419.7197265625,10435.4697265625,10228.58984375,10309.7001953125,0
2024-04-12,10162.0595703125,10284.490234375,10142.3798828125,10256.6201171875,0
2024-04-15,9976.7197265625,10268.849609375,9941.599609375,10254.2099609375,0
2024-04-16,10010.9296875,10066.9296875,9945.2099609375,9971.4697265625,0
2024-04-17,9816.7802734375,10031.66015625,9813.73046875,10017.080078125,0
2024-04-18,9716.7001953125,9848.759765625,9702.0595703125,9796.75,0
2024-04-19,9500.5498046875,9716.740234375,9458.7001953125,9669.9697265625,0
2024-04-22,9631.73046875,9681.2001953125,9474.0498046875,9594.1904296875,0
2024-04-23,9828.8203125,9871.099609375,9675.58984375,9693.75,0
2024-04-24,9895.330078125,10001.5302734375,9829.169921875,9978.2197265625,0
2024-04-25,9893.9296875,9930.66015625,9742.330078125,9775.9501953125,0
2024-04-26,10055.6298828125,10090.740234375,9911.509765625,9937.8701171875,0
2024-04-29,10039.6396484375,10091.759765625,9984.8203125,10061.98046875,0
2024-04-30,9845.6796875,10056.669921875,9843.400390625,10006.0595703125,0
2024-05-01,9692.1201171875,9948.7802734375,9663.9501953125,9779.7900390625,0
2024-05-02,9840.5,9866.8896484375,9649.7998046875,9814.4404296875,0
2024-05-03,9982.2001953125,10033.73046875,9927.3095703125,9976.7099609375,0
2024-05-06,10112.9697265625,10112.98046875,10002.8701171875,10029.740234375,0
2024-05-07,10076.01953125,10150.3896484375,10072.9501953125,10084.58984375,0
2024-05-08,10061.8095703125,10069.1201171875,9997.6796875,10009.259765625,0
2024-05-09,10038.4296875,10083.0302734375,10005.3095703125,10069.9501953125,0
2024-05-10,10090.33984375,10171.7900390625,10061.48046875,10098.76953125,0
2024-05-13,10140.58984375,10161.5,10116.1201171875,10144.4296875,0
2024-05-14,10213.48046875,10221.0703125,10124.2900390625,10128.2998046875,0
2024-05-15,10454.2900390625,10456.7197265625,10280.259765625,10305.7001953125,0
2024-05-16,10436.75,10501.01953125,10433.349609375,10449.9599609375,0
2024-05-17,10419.2998046875,10471.490234375,10364.849609375,10461.6396484375,0
2024-05-20,10554.509765625,10568.8095703125,10424.5595703125,10432.0595703125,0
2024-05-21,10507.099609375,10515.099609375,10437.740234375,10454.1201171875,0
2024-05-22,10568.7998046875,10595.2998046875,10489.3203125,10566.259765625,0
2024-05-23,10495.8203125,10704.3896484375,10444.490234375,10698.1796875,0
2024-05-24,10549.2197265625,10616.849609375,10480.599609375,10494.5,0
2024-05-28,10526.849609375,10594.2900390625,10462.5703125,10592.650390625,0
2024-05-29,10396.400390625,10451.01953125,10386.5498046875,10386.5498046875,0
2024-05-30,10205.240234375,10348.3896484375,10174.33984375,10332.5703125,0
2024-05-31,10121.7197265625,10200.25,9887.26953125,10188.3095703125,0
2024-06-03,10119.990234375,10236.7001953125,9986.2900390625,10226.2802734375,0
2024-06-04,10076.1796875,10113.0400390625,10023.8203125,10113.0400390625,0
2024-06-05,10372.080078125,10373.1904296875,10192.1396484375,10213.099609375,0
2024-06-06,10342.5400390625,10388.5595703125,10320.830078125,10364.7001953125,0
2024-06-07,10336.9296875,10390.4599609375,10301.01953125,10332.1904296875,0
2024-06-10,10455.0,10474.51953125,10280.419921875,10284.099609375,0
2024-06-11,10511.9296875,10513.7001953125,10375.650390625,10422.4501953125,0
2024-06-12,10724.4296875,10743.240234375,10626.7802734375,10634.0,0
2024-06-13,10686.7001953125,10765.669921875,10634.0703125,10727.259765625,0
2024-06-14,10713.4296875,10720.2099609375,10645.75,10673.1103515625,0
2024-06-17,10850.75,10872.58984375,10668.9599609375,10726.599609375,0
2024-06-18,10883.349609375,10914.7900390625,10851.4404296875,10857.0,0
2024-06-20,10733.5498046875,10908.1201171875,10698.830078125,10908.1201171875,0
2024-06-21,10742.4599609375,10769.509765625,10640.3203125,10713.1796875,0
2024-06-24,10582.2802734375,10732.240234375,10579.4296875,10684.3095703125,0
2024-06-25,10689.9599609375,10699.9404296875,10580.16015625,10628.6103515625,0
2024-06-26,10696.83984375,10719.2001953125,10642.58984375,10663.919921875,0
2024-06-27,10749.3603515625,10782.01953125,10687.259765625,10692.1201171875,0
2024-06-28,10790.650390625,10940.8095703125,10756.76953125,10785.419921875,0
2024-07-01,10832.3701171875,10839.9296875,10662.3701171875,10797.3896484375,0
2024-07-02,10943.990234375,10945.8203125,10795.2998046875,10797.080078125,0
2024-07-03,11024.349609375,11049.8095703125,10940.9697265625,10945.16015625,0
2024-07-05,11152.759765625,11162.2197265625,11023.5703125,11047.330078125,0
2024-07-08,11178.9697265625,11188.0595703125,11117.8203125,11143.08984375,0
2024-07-09,11104.3203125,11214.650390625,11059.0595703125,11201.419921875,0
2024-07-10,11224.9697265625,11234.51953125,11073.990234375,11137.669921875,0
2024-07-11,11000.9404296875,11261.3896484375,10988.2998046875,11247.8603515625,0
2024-07-12,11145.7197265625,11257.7001953125,11023.8896484375,11034.5,0
2024-07-15,11168.48046875,11280.509765625,11119.98046875,11163.6796875,0
2024-07-16,11222.98046875,11230.5400390625,11114.009765625,11205.8603515625,0
2024-07-17,10757.7001953125,11016.6201171875,10753.6796875,10980.7099609375,0
2024-07-18,10661.58984375,10847.5595703125,10570.2998046875,10839.1103515625,0
2024-07-19,10503.4501953125,10644.7900390625,10481.349609375,10621.849609375,0
2024-07-22,10709.8603515625,10720.98046875,10561.0400390625,10646.5,0
2024-07-23,10620.650390625,10712.5498046875,10611.51953125,10630.2998046875,0
2024-07-24,10172.2998046875,10511.0,10158.1298828125,10483.7802734375,0
2024-07-25,10094.1396484375,10352.9501953125,9980.08984375,10166.919921875,0
2024-07-26,10219.7900390625,10289.830078125,10148.349609375,10237.1904296875,0
2024-07-29,10212.0,10359.330078125,10184.080078125,10295.3095703125,0
2024-07-30,9999.5,10267.9296875,9927.0400390625,10242.0302734375,0
2024-07-31,10347.990234375,10380.91015625,10225.6796875,10266.5,0
2024-08-01,9923.3798828125,10347.98046875,9824.51953125,10251.1396484375,0
2024-08-02,9481.509765625,9608.73046875,9382.5498046875,9599.1298828125,0
2024-08-05,9288.3095703125,9457.6103515625,9019.48046875,9019.48046875,0
2024-08-06,9395.9697265625,9558.259765625,9294.23046875,9370.4599609375,0
2024-08-07,9335.2099609375,9718.740234375,9328.3203125,9661.2197265625,0
2024-08-08,9740.5703125,9750.6103515625,9424.2802734375,9525.400390625,0
2024-08-09,9760.349609375,9803.83984375,9648.1103515625,9708.3095703125,0
2024-08-12,9753.1396484375,9824.3095703125,9689.1904296875,9772.1396484375,0
2024-08-13,10029.7099609375,10039.6298828125,9838.349609375,9840.9599609375,0
2024-08-14,10042.349609375,10102.76953125,9931.76953125,10065.8896484375,0
2024-08-15,10370.0595703125,10383.58984375,10187.8095703125,10192.9599609375,0
2024-08-16,10378.08984375,10406.1298828125,10293.5302734375,10306.3798828125,0
2024-08-19,10515.509765625,10515.509765625,10326.509765625,10376.419921875,0
2024-08-20,10453.26953125,10547.080078125,10418.5302734375,10487.08984375,0
2024-08-21,10569.4697265625,10579.4404296875,10472.08984375,10499.0400390625,0
2024-08-22,10325.76953125,10601.9296875,10308.33984375,10589.8701171875,0
2024-08-23,10470.0,10522.7900390625,10366.5498046875,10468.5,0
2024-08-26,10269.26953125,10420.1298828125,10241.75,10384.5302734375,0
2024-08-27,10313.16015625,10335.2099609375,10170.7900390625,10216.7900390625,0
2024-08-28,10152.349609375,10309.919921875,10079.150390625,10289.6396484375,0
2024-08-29,10249.33984375,10418.2099609375,10223.23046875,10244.51953125,0
2024-08-30,10465.2001953125,10486.3896484375,10344.740234375,10468.099609375,0
2024-09-03,10001.3798828125,10351.0498046875,9954.2197265625,10351.0498046875,0
2024-09-04,9917.1298828125,10025.0703125,9838.48046875,9863.0302734375,0
2024-09-05,9874.58984375,9968.16015625,9797.8095703125,9837.7998046875,0
2024-09-06,9618.7802734375,9883.23046875,9576.4599609375,9868.3603515625,0
2024-09-09,9744.1298828125,9773.48046875,9644.0302734375,9706.650390625,0
2024-09-10,9800.330078125,9807.169921875,9636.259765625,9762.1396484375,0
2024-09-11,10058.9599609375,10072.6396484375,9650.4501953125,9823.7099609375,0
2024-09-12,10046.009765625,10111.6298828125,9959.7099609375,10034.740234375,0
2024-09-13,10120.400390625,10153.080078125,10056.240234375,10057.2099609375,0
2024-09-16,10092.98046875,10105.0595703125,10000.2197265625,10058.599609375,0
2024-09-17,10075.3798828125,10184.3095703125,10029.8798828125,10166.7802734375,0
2024-09-18,10002.2998046875,10187.0302734375,9993.849609375,10102.6201171875,0
2024-09-19,10299.6201171875,10380.849609375,10234.91015625,10317.4296875,0
2024-09-20,10230.75,10275.73046875,10116.919921875,10249.01953125,0
2024-09-23,10264.6201171875,10291.419921875,10240.9404296875,10276.2001953125,0
2024-09-24,10331.3603515625,10382.2001953125,10222.8203125,10335.73046875,0
2024-09-25,10332.98046875,10411.349609375,10300.66015625,10302.1904296875,0
2024-09-26,10540.0302734375,10669.009765625,10368.099609375,10669.009765625,0
2024-09-27,10489.7001953125,10591.0498046875,10459.76953125,10577.919921875,0
2024-09-30,10443.259765625,10492.4296875,10337.900390625,10438.830078125,0
2024-10-01,10232.3798828125,10470.9296875,10163.9599609375,10464.490234375,0
2024-10-02,10340.150390625,10400.009765625,10197.6904296875,10255.2197265625,0
2024-10-03,10335.5,10420.740234375,10251.009765625,10252.009765625,0
2024-10-04,10486.48046875,10519.0,10377.6396484375,10518.650390625,0
2024-10-07,10412.7900390625,10485.1796875,10370.900390625,10422.2001953125,0
2024-10-08,10514.3701171875,10531.33984375,10378.8798828125,10420.849609375,0
2024-10-09,10664.599609375,10675.2900390625,10491.2197265625,10513.4501953125,0
2024-10-10,10712.33984375,10736.349609375,10562.2099609375,10567.5703125,0
2024-10-11,10804.259765625,10832.8095703125,10680.1298828125,10680.23046875,0
2024-10-14,10924.4599609375,10949.849609375,10840.83984375,10870.98046875,0
2024-10-15,10577.08984375,10932.580078125,10528.6103515625,10899.2001953125,0
2024-10-16,10529.240234375,10614.2900390625,10486.7998046875,10605.0595703125,0
2024-10-17,10525.2998046875,10675.7099609375,10524.330078125,10661.6103515625,0
2024-10-18,10554.1796875,10600.98046875,10534.2802734375,10583.91015625,0
2024-10-21,10530.5595703125,10588.650390625,10439.0498046875,10517.4296875,0
2024-10-22,10502.330078125,10532.6396484375,10434.240234375,10480.5703125,0
2024-10-23,10329.2900390625,10480.6796875,10241.6298828125,10478.259765625,0
2024-10-24,10400.9697265625,10425.6796875,10344.1201171875,10404.8603515625,0
2024-10-25,10488.8798828125,10621.5,10477.83984375,10494.9697265625,0
2024-10-28,10523.8603515625,10582.8095703125,10490.8203125,10500.6396484375,0
2024-10-29,10745.330078125,10776.650390625,10513.9501953125,10571.6396484375,0
2024-10-30,10468.0498046875,10621.509765625,10466.26953125,10542.580078125,0
2024-10-31,10154.1904296875,10393.2001953125,10134.9697265625,10391.5498046875,0
2024-11-01,10281.3701171875,10338.169921875,10193.240234375,10221.7998046875,0
2024-11-04,10254.2802734375,10338.8896484375,10185.48046875,10248.419921875,0
2024-11-05,10391.5400390625,10393.2001953125,10306.3603515625,10311.5595703125,0
2024-11-06,10708.4404296875,10721.009765625,10556.080078125,10573.419921875,0
2024-11-07,10955.73046875,10970.26953125,10794.08984375,10804.2900390625,0
2024-11-08,10872.2001953125,10939.9697265625,10833.2900390625,10925.4404296875,0
2024-11-11,10828.7099609375,10855.6796875,10747.51953125,10848.2197265625,0
2024-11-12,10787.1396484375,10819.5498046875,10687.1396484375,10777.830078125,0
2024-11-13,10750.7802734375,10856.6904296875,10734.830078125,10734.830078125,0
2024-11-14,10677.25,10789.3095703125,10667.169921875,10771.8095703125,0
2024-11-15,10334.48046875,10535.2900390625,10306.2802734375,10535.2900390625,0
2024-11-18,10442.98046875,10478.5595703125,10347.4501953125,10370.150390625,0
2024-11-19,10536.33984375,10543.1103515625,10376.150390625,10383.509765625,0
2024-11-20,10503.830078125,10525.16015625,10354.83984375,10524.48046875,0
2024-11-21,10690.259765625,10732.5498046875,10508.33984375,10599.8203125,0
2024-11-22,10772.6796875,10780.580078125,10667.8095703125,10720.2802734375,0
2024-11-25,10903.98046875,10959.3203125,10849.9697265625,10886.4501953125,0
2024-11-26,10834.0400390625,10958.400390625,10789.150390625,10947.6396484375,0
2024-11-27,10653.75,10760.4296875,10551.2802734375,10749.3798828125,0
2024-11-29,10722.7099609375,10780.23046875,10663.6298828125,10672.2197265625,0
2024-12-02,10941.98046875,10983.75,10763.8095703125,10764.7001953125,0
2024-12-03,10894.0302734375,10934.1904296875,10868.599609375,10876.9501953125,0
2024-12-04,11142.009765625,11147.51953125,11027.3798828125,11057.0302734375,0
2024-12-05,10918.509765625,11082.9501953125,10912.4599609375,11079.3798828125,0
2024-12-06,11034.9599609375,11073.8798828125,10948.580078125,10958.4404296875,0
2024-12-09,10993.2099609375,11135.0302734375,10976.23046875,11094.1103515625,0
2024-12-10,10765.0703125,10963.1201171875,10714.009765625,10963.1201171875,0
2024-12-11,10956.0703125,10987.580078125,10826.3701171875,10840.8603515625,0
2024-12-12,10891.099609375,10914.0498046875,10846.3603515625,10865.16015625,0
2024-12-13,10895.73046875,10980.2900390625,10812.75,10929.599609375,0
2024-12-16,11019.4697265625,11046.669921875,10845.83984375,10888.48046875,0
2024-12-17,10917.76953125,11010.990234375,10901.6396484375,10980.91015625,0
2024-12-18,10473.23046875,10953.849609375,10428.3798828125,10934.7001953125,0
2024-12-19,10368.580078125,10577.7001953125,10360.1201171875,10535.3203125,0
2024-12-20,10492.2001953125,10597.5400390625,10251.990234375,10251.990234375,0
2024-12-23,10572.2802734375,10587.8603515625,10453.349609375,10516.849609375,0
2024-12-24,10692.2099609375,10692.6796875,10584.400390625,10606.1298828125,0
2024-12-26,10661.48046875,10709.75,10605.419921875,10625.8798828125,0
2024-12-27,10535.2001953125,10602.349609375,10426.5,10597.099609375,0
2024-12-30,10352.0302734375,10430.2099609375,10261.98046875,10379.0595703125,0
